Pokedex Number,Health Stat,Attack Stat,Defense Stat,Special Attack Stat,Special Defense Stat,Speed Stat,Base Stat Total,Health EV,Attack EV,Defense EV,Special Attack EV,Special Defense EV,Speed EV,EV Yield Total,Catch Rate,Pokemon Height,Pokemon Weight,Male Ratio,Female Ratio,Experience Growth Total
1,45,49,49,65,65,45,318,0,0,0,1,0,0,1,45,0.7,6.9,87.5,12.5,1059860
2,60,62,63,80,80,60,405,0,0,0,1,1,0,2,45,1,13,87.5,12.5,1059860
3,80,82,83,100,100,80,525,0,0,0,2,1,0,3,45,2,100,87.5,12.5,1059860
3,80,100,123,122,120,80,625,0,0,0,2,1,0,3,45,2.4,155.5,87.5,12.5,1059860
4,39,52,43,60,50,65,309,0,0,0,0,0,1,1,45,0.6,8.5,87.5,12.5,1059860
5,58,64,58,80,65,80,405,0,0,0,1,0,1,2,45,1.1,19,87.5,12.5,1059860
6,78,84,78,109,85,100,534,0,0,0,3,0,0,3,45,1.7,90.5,87.5,12.5,1059860
6,78,130,111,130,85,100,634,0,0,0,3,0,0,3,45,1.7,110.5,87.5,12.5,1059860
6,78,104,78,159,115,100,634,0,0,0,3,0,0,3,45,1.7,100.5,87.5,12.5,1059860
7,44,48,65,50,64,43,314,0,0,1,0,0,0,1,45,0.5,9,87.5,12.5,1059860
8,59,63,80,65,80,58,405,0,0,1,0,1,0,2,45,1,22.5,87.5,12.5,1059860
9,79,83,100,85,105,78,530,0,0,0,0,3,0,3,45,1.6,85.5,87.5,12.5,1059860
9,79,103,120,135,115,78,630,0,0,0,0,3,0,3,45,1.6,101.1,87.5,12.5,1059860
848,40,38,35,54,35,40,242,0,0,0,1,0,0,1,75,0.4,11,50,50,1059860
849,75,98,70,114,70,75,502,0,0,0,2,0,0,2,45,1.6,40,50,50,1059860
849,75,98,70,114,70,75,502,0,0,0,2,0,0,2,45,1.6,40,50,50,1059860
30,70,62,67,55,55,56,365,2,0,0,0,0,0,2,120,0.8,20,0,100,1059860
31,90,92,87,75,85,76,505,3,0,0,0,0,0,3,45,1.3,60,0,100,1059860
392,76,104,71,104,71,108,534,0,1,0,1,0,1,3,45,1.2,55,87.5,12.5,1059860
403,45,65,34,40,34,45,263,0,1,0,0,0,0,1,235,0.5,9.5,50,50,1059860
404,60,85,49,60,49,60,363,0,2,0,0,0,0,2,120,0.9,30.5,50,50,1059860
405,80,120,79,95,79,70,523,0,3,0,0,0,0,3,45,1.4,42,50,50,1059860
11,50,20,55,25,25,30,205,0,0,2,0,0,0,2,120,0.7,9.9,50,50,1000000
12,60,45,50,90,80,70,395,0,0,0,2,1,0,3,45,1.1,32,50,50,1000000
679,45,80,100,35,37,28,325,0,0,1,0,0,0,1,180,0.8,2,50,50,1000000
680,59,110,150,45,49,35,448,0,0,2,0,0,0,2,90,0.8,4.5,50,50,1000000
15,65,90,40,45,80,75,395,0,2,0,0,1,0,3,45,1,29.5,50,50,1000000
15,65,150,40,15,80,145,495,0,2,0,0,1,0,3,45,1.4,40.5,50,50,1000000
132,48,48,48,48,48,48,288,1,0,0,0,0,0,1,35,0.3,4,0,0,1000000
14,45,25,50,25,25,35,205,0,0,2,0,0,0,2,120,0.6,10,50,50,1000000
13,40,35,30,20,20,50,195,0,0,0,0,0,1,1,255,0.3,3.2,50,50,1000000
10,45,30,35,20,20,45,195,1,0,0,0,0,0,1,255,0.3,2.9,50,50,1000000
29,55,47,52,40,40,41,275,1,0,0,0,0,0,1,235,0.4,7,0,100,1059860
390,44,58,44,58,44,61,309,0,0,0,0,0,1,1,45,0.5,6.2,87.5,12.5,1059860
391,64,78,52,78,52,81,405,0,0,0,1,0,1,2,45,0.9,22,87.5,12.5,1059860
489,80,80,80,80,80,80,480,1,0,0,0,0,0,1,30,0.4,3.1,0,0,1250000
490,100,100,100,100,100,100,600,3,0,0,0,0,0,3,3,0.3,1.4,0,0,1250000
891,60,90,60,53,50,72,385,0,1,0,0,0,0,1,3,0.6,12,87.5,12.5,1250000
892,100,130,100,63,60,97,550,0,3,0,0,0,0,3,3,1.9,105,87.5,12.5,1250000
892,100,130,100,63,60,97,550,0,3,0,0,0,0,3,3,1.9,105,87.5,12.5,1250000
898,100,80,80,80,80,80,500,3,0,0,0,0,0,3,3,1.1,7.7,0,0,1250000
151,100,100,100,100,100,100,600,3,0,0,0,0,0,3,45,0.4,4,0,0,1059860
150,106,110,90,154,90,130,680,0,0,0,3,0,0,3,3,2,122,0,0,1250000
150,106,190,100,154,100,130,780,0,0,0,3,0,0,3,3,2.3,127,0,0,1250000
150,106,150,70,194,120,140,780,0,0,0,3,0,0,3,3,1.5,33,0,0,1250000
81,25,35,70,95,55,45,325,0,0,0,1,0,0,1,190,0.3,6,0,0,1000000
100,40,30,50,55,55,100,330,0,0,0,0,0,1,1,190,0.5,10.5,0,0,1000000
32,46,57,40,40,40,50,273,0,1,0,0,0,0,1,235,0.5,9,100,0,1059860
33,61,72,57,55,55,65,365,0,2,0,0,0,0,2,120,0.9,19.5,100,0,1059860
34,81,102,77,85,75,85,505,0,3,0,0,0,0,3,45,1.4,62,100,0,1059860
173,50,25,28,45,55,15,218,0,0,0,0,1,0,1,150,0.3,3,25,75,800000
35,70,45,48,60,65,35,323,2,0,0,0,0,0,2,150,0.6,7.5,25,75,800000
36,95,70,73,95,90,60,483,3,0,0,0,0,0,3,25,1.3,40,25,75,800000
37,38,41,40,50,65,65,299,0,0,0,0,0,1,1,190,0.6,9.9,25,75,1000000
37,38,41,40,50,65,65,299,0,0,0,0,0,1,1,190,0.6,9.9,25,75,1000000
38,73,76,75,81,100,100,505,0,0,0,0,1,1,2,75,1.1,19.9,25,75,1000000
38,73,67,75,81,100,109,505,0,0,0,0,0,2,2,75,1.1,19.9,25,75,1000000
174,90,30,15,40,20,15,210,1,0,0,0,0,0,1,170,0.3,1,25,75,800000
39,115,45,20,45,25,20,270,2,0,0,0,0,0,2,170,0.5,5.5,25,75,800000
40,140,70,45,85,50,45,435,3,0,0,0,0,0,3,50,1,12,25,75,800000
41,40,45,35,30,40,55,245,0,0,0,0,0,1,1,255,0.8,7.5,50,50,1000000
42,75,80,70,65,75,95,460,0,0,0,0,0,2,2,90,1.6,55,50,50,1000000
169,85,90,80,70,80,130,535,0,0,0,0,0,3,3,90,1.8,75,50,50,1000000
43,45,50,55,75,65,30,320,0,0,0,1,0,0,1,255,0.5,5.4,50,50,1059860
44,60,65,70,85,75,40,395,0,0,0,2,0,0,2,120,0.8,8.6,50,50,1059860
45,75,80,85,110,90,50,490,0,0,0,3,0,0,3,45,1.2,18.6,50,50,1059860
182,75,80,95,90,100,50,490,0,0,0,0,3,0,3,45,0.4,5.8,50,50,1059860
46,35,70,55,45,55,25,285,0,1,0,0,0,0,1,190,0.3,5.4,50,50,1000000
47,60,95,80,60,80,30,405,0,2,1,0,0,0,3,75,1,29.5,50,50,1000000
48,60,55,50,40,55,45,305,0,0,0,0,1,0,1,190,1,30,50,50,1000000
49,70,65,60,90,75,90,450,0,0,0,1,0,1,2,75,1.5,12.5,50,50,1000000
50,10,55,25,35,45,95,265,0,0,0,0,0,1,1,255,0.2,0.8,50,50,1000000
51,35,100,50,50,70,120,425,0,0,0,0,0,2,2,50,0.7,33.3,50,50,1000000
50,10,55,30,35,45,90,265,0,0,0,0,0,1,1,255,0.2,1,50,50,1000000
51,35,100,60,50,70,110,425,0,2,0,0,0,0,2,50,0.7,66.6,50,50,1000000
16,40,45,40,35,35,56,251,0,0,0,0,0,1,1,255,0.3,1.8,50,50,1059860
17,63,60,55,50,50,71,349,0,0,0,0,0,2,2,120,1.1,30,50,50,1059860
18,83,80,75,70,70,101,479,0,0,0,0,0,3,3,45,1.5,39.5,50,50,1059860
18,83,80,80,135,80,121,579,0,0,0,0,0,3,3,45,2.2,50.5,50,50,1059860
19,30,56,35,25,35,72,253,0,0,0,0,0,1,1,255,0.3,3.5,50,50,1000000
19,30,56,35,25,35,72,253,0,0,0,0,0,1,1,255,0.3,3.8,50,50,1000000
20,55,81,60,50,70,97,413,0,0,0,0,0,2,2,127,0.7,18.5,50,50,1000000
20,75,71,70,40,80,77,413,0,0,0,0,0,2,2,127,0.7,25.5,50,50,1000000
21,40,60,30,31,31,70,262,0,0,0,0,0,1,1,255,0.3,2,50,50,1000000
22,65,90,65,61,61,100,442,0,0,0,0,0,2,2,90,1.2,38,50,50,1000000
23,35,60,44,40,54,55,288,0,1,0,0,0,0,1,255,2,6.9,50,50,1000000
24,60,95,69,65,79,80,448,0,2,0,0,0,0,2,90,3.5,65,50,50,1000000
172,20,40,15,35,35,60,205,0,0,0,0,0,1,1,190,0.3,2,50,50,1000000
25,35,55,40,50,50,90,320,0,0,0,0,0,2,2,190,0.4,6,50,50,1000000
26,60,90,55,90,80,110,485,0,0,0,0,0,3,3,75,0.8,30,50,50,1000000
26,60,85,50,95,85,110,485,0,0,0,0,0,3,3,75,0.7,21,50,50,1000000
27,50,75,85,20,30,40,300,0,0,1,0,0,0,1,255,0.6,12,50,50,1000000
27,50,75,90,10,35,40,300,0,0,1,0,0,0,1,255,0.7,40,50,50,1000000
28,75,100,110,45,55,65,450,0,0,2,0,0,0,2,90,1,29.5,50,50,1000000
28,75,100,120,25,65,65,450,0,0,2,0,0,0,2,90,1.2,55,50,50,1000000
52,40,45,35,40,40,90,290,0,0,0,0,0,1,1,255,0.4,4.2,50,50,1000000
52,40,35,35,50,40,90,290,0,0,0,0,0,1,1,255,0.4,4.2,50,50,1000000
52,50,65,55,40,40,40,290,0,0,0,0,0,1,1,255,0.4,7.5,50,50,1000000
863,70,110,100,50,60,50,440,0,2,0,0,0,0,2,90,0.8,28,50,50,1000000
53,65,70,60,65,65,115,440,0,0,0,0,0,2,2,90,1,32,50,50,1000000
53,65,60,60,75,65,115,440,0,0,0,0,0,2,2,90,1.1,33,50,50,1000000
54,50,52,48,65,50,55,320,0,0,0,1,0,0,1,190,0.8,19.6,50,50,1000000
101,60,50,70,80,80,150,490,0,0,0,0,0,2,2,60,1.2,66.6,0,0,1000000
102,60,40,80,60,45,40,325,0,0,1,0,0,0,1,90,0.4,2.5,50,50,1250000
103,95,95,85,125,75,55,530,0,0,0,2,0,0,2,45,2,120,50,50,1250000
104,50,50,95,40,50,35,320,0,0,1,0,0,0,1,190,0.4,6.5,50,50,1000000
105,60,80,110,50,80,45,425,0,0,2,0,0,0,2,75,1,45,50,50,1000000
106,50,120,53,35,110,87,455,0,2,0,0,0,0,2,45,1.5,49.8,100,0,1000000
107,50,105,79,35,110,76,455,0,0,0,0,2,0,2,45,1.4,50.2,100,0,1000000
108,90,55,75,60,75,30,385,2,0,0,0,0,0,2,45,1.2,65.5,50,50,1000000
109,40,65,95,60,45,35,340,0,0,1,0,0,0,1,190,0.6,1,50,50,1000000
110,65,90,120,85,70,60,490,0,0,2,0,0,0,2,60,1.2,9.5,50,50,1000000
111,80,85,95,30,30,25,345,0,0,1,0,0,0,1,120,1,115,50,50,1250000
112,105,130,120,45,45,40,485,0,2,0,0,0,0,2,60,1.9,120,50,50,1250000
113,250,5,5,35,105,50,450,2,0,0,0,0,0,2,30,1.1,34.6,0,100,800000
114,65,55,115,100,40,60,435,0,0,1,0,0,0,1,45,1,35,50,50,1000000
115,105,95,80,40,80,90,490,2,0,0,0,0,0,2,45,2.2,80,0,100,1000000
116,30,40,70,70,25,60,295,0,0,0,1,0,0,1,225,0.4,8,50,50,1000000
117,55,65,95,95,45,85,440,0,0,1,1,0,0,2,75,1.2,25,50,50,1000000
118,45,67,60,35,50,63,320,0,1,0,0,0,0,1,225,0.6,15,50,50,1000000
119,80,92,65,65,80,68,450,0,2,0,0,0,0,2,60,1.3,39,50,50,1000000
120,30,45,55,70,55,85,340,0,0,0,0,0,1,1,225,0.8,34.5,0,0,1250000
121,60,75,85,100,85,115,520,0,0,0,0,0,2,2,60,1.1,80,0,0,1250000
122,40,45,65,100,120,90,460,0,0,0,0,2,0,2,45,1.3,54.5,50,50,1000000
123,70,110,80,55,80,105,500,0,1,0,0,0,0,1,45,1.5,56,50,50,1000000
124,65,50,35,115,95,95,455,0,0,0,2,0,0,2,45,1.4,40.6,0,100,1000000
125,65,83,57,95,85,105,490,0,0,0,0,0,2,2,45,1.1,30,75,25,1000000
126,65,95,57,100,85,93,495,0,0,0,2,0,0,2,45,1.3,44.5,75,25,1000000
127,65,125,100,55,70,85,500,0,2,0,0,0,0,2,45,1.5,55,50,50,1250000
128,75,100,95,40,70,110,490,0,1,0,0,0,1,2,45,1.4,88.4,100,0,1250000
129,20,10,55,15,20,80,200,0,0,0,0,0,1,1,255,0.9,10,50,50,1250000
130,95,125,79,60,100,81,540,0,2,0,0,0,0,2,45,6.5,235,50,50,1250000
131,130,85,80,85,95,60,535,2,0,0,0,0,0,2,45,2.5,220,50,50,1250000
133,55,55,50,45,65,55,325,0,0,0,0,1,0,1,45,0.3,6.5,87.5,12.5,1000000
134,130,65,60,110,95,65,525,2,0,0,0,0,0,2,45,1,29,87.5,12.5,1000000
135,65,65,60,110,95,130,525,0,0,0,0,0,2,2,45,0.8,24.5,87.5,12.5,1000000
136,65,130,60,95,110,65,525,0,2,0,0,0,0,2,45,0.9,25,87.5,12.5,1000000
137,65,60,70,85,75,40,395,0,0,0,1,0,0,1,45,0.8,36.5,0,0,1000000
138,35,40,100,90,55,35,355,0,0,1,0,0,0,1,45,0.4,7.5,87.5,12.5,1000000
139,70,60,125,115,70,55,495,0,0,2,0,0,0,2,45,1,35,87.5,12.5,1000000
140,30,80,90,55,45,55,355,0,0,1,0,0,0,1,45,0.5,11.5,87.5,12.5,1000000
141,60,115,105,65,70,80,495,0,2,0,0,0,0,2,45,1.3,40.5,87.5,12.5,1000000
142,80,105,65,60,75,130,515,0,0,0,0,0,2,2,45,1.8,59,87.5,12.5,1250000
143,160,110,65,65,110,30,540,2,0,0,0,0,0,2,25,2.1,460,87.5,12.5,1250000
144,90,85,100,95,125,85,580,0,0,0,0,3,0,3,3,1.7,55.4,0,0,1250000
145,90,90,85,125,90,100,580,0,0,0,3,0,0,3,3,1.6,52.6,0,0,1250000
146,90,100,90,125,85,90,580,0,0,0,3,0,0,3,3,2,60,0,0,1250000
147,41,64,45,50,50,50,300,0,1,0,0,0,0,1,45,1.8,3.3,50,50,1250000
148,61,84,65,70,70,70,420,0,2,0,0,0,0,2,45,4,16.5,50,50,1250000
149,91,134,95,100,100,80,600,0,3,0,0,0,0,3,45,2.2,210,50,50,1250000
152,45,49,65,49,65,45,318,0,0,0,0,1,0,1,45,0.9,6.4,87.5,12.5,1059860
153,60,62,80,63,80,60,405,0,0,1,0,1,0,2,45,1.2,15.8,87.5,12.5,1059860
154,80,82,100,83,100,80,525,0,0,1,0,2,0,3,45,1.8,100.5,87.5,12.5,1059860
155,39,52,43,60,50,65,309,0,0,0,0,0,1,1,45,0.5,7.9,87.5,12.5,1059860
156,58,64,58,80,65,80,405,0,0,0,1,0,1,2,45,0.9,19,87.5,12.5,1059860
157,78,84,78,109,85,100,534,0,0,0,3,0,0,3,45,1.7,79.5,87.5,12.5,1059860
158,50,65,64,44,48,43,314,0,1,0,0,0,0,1,45,0.6,9.5,87.5,12.5,1059860
159,65,80,80,59,63,58,405,0,1,1,0,0,0,2,45,1.1,25,87.5,12.5,1059860
160,85,105,100,79,83,78,530,0,2,1,0,0,0,3,45,2.3,88.8,87.5,12.5,1059860
161,35,46,34,35,45,20,215,0,1,0,0,0,0,1,255,0.8,6,50,50,1000000
162,85,76,64,45,55,90,415,0,0,0,0,0,2,2,90,1.8,32.5,50,50,1000000
163,60,30,30,36,56,50,262,1,0,0,0,0,0,1,255,0.7,21.2,50,50,1000000
164,100,50,50,86,96,70,452,2,0,0,0,0,0,2,90,1.6,40.8,50,50,1000000
165,40,20,30,40,80,55,265,0,0,0,0,1,0,1,255,1,10.8,50,50,800000
166,55,35,50,55,110,85,390,0,0,0,0,2,0,2,90,1.4,35.6,50,50,800000
167,40,60,40,40,40,30,250,0,1,0,0,0,0,1,255,0.5,8.5,50,50,800000
168,70,90,70,60,70,40,400,0,2,0,0,0,0,2,90,1.1,33.5,50,50,800000
170,75,38,38,56,56,67,330,1,0,0,0,0,0,1,190,0.5,12,50,50,1250000
171,125,58,58,76,76,67,460,2,0,0,0,0,0,2,75,1.2,22.5,50,50,1250000
175,35,20,65,40,65,20,245,0,0,0,0,1,0,1,190,0.3,1.5,87.5,12.5,800000
176,55,40,85,80,105,40,405,0,0,0,0,2,0,2,75,0.6,3.2,87.5,12.5,800000
177,40,50,45,70,45,70,320,0,0,0,1,0,0,1,190,0.2,2,50,50,1000000
178,65,75,70,95,70,95,470,0,0,0,1,0,1,2,75,1.5,15,50,50,1000000
179,55,40,40,65,45,35,280,0,0,0,1,0,0,1,235,0.6,7.8,50,50,1059860
180,70,55,55,80,60,45,365,0,0,0,2,0,0,2,120,0.8,13.3,50,50,1059860
181,90,75,85,115,90,55,510,0,0,0,3,0,0,3,45,1.4,61.5,50,50,1059860
183,70,20,50,20,50,40,250,2,0,0,0,0,0,2,190,0.4,8.5,50,50,800000
184,100,50,80,60,80,50,420,3,0,0,0,0,0,3,75,0.8,28.5,50,50,800000
185,70,110,115,30,65,30,420,0,0,2,0,0,0,2,65,1.2,38,50,50,1000000
186,90,75,75,90,100,70,500,0,0,0,0,3,0,3,45,1.1,33.9,50,50,1059860
187,35,35,40,35,55,50,250,0,0,0,0,1,0,1,255,0.4,0.5,50,50,1059860
188,55,45,50,45,65,80,340,0,0,0,0,0,2,2,120,0.6,1,50,50,1059860
189,75,55,70,55,95,110,460,0,0,0,0,0,3,3,45,0.8,3,50,50,1059860
190,55,70,55,40,55,85,360,0,0,0,0,0,1,1,45,0.8,11.5,50,50,800000
191,30,30,30,30,30,30,180,0,0,0,1,0,0,1,235,0.3,1.8,50,50,1059860
192,75,75,55,105,85,30,425,0,0,0,2,0,0,2,120,0.8,8.5,50,50,1059860
193,65,65,45,75,45,95,390,0,0,0,0,0,1,1,75,1.2,38,50,50,1000000
194,55,45,45,25,25,15,210,1,0,0,0,0,0,1,255,0.4,8.5,50,50,1000000
195,95,85,85,65,65,35,430,2,0,0,0,0,0,2,90,1.4,75,50,50,1000000
196,65,65,60,130,95,110,525,0,0,0,2,0,0,2,45,0.9,26.5,87.5,12.5,1000000
197,95,65,110,60,130,65,525,0,0,0,0,2,0,2,45,1,27,87.5,12.5,1000000
198,60,85,42,85,42,91,405,0,0,0,0,0,1,1,30,0.5,2.1,50,50,1059860
199,95,75,80,100,110,30,490,0,0,0,0,3,0,3,70,2,79.5,50,50,1000000
200,60,60,60,85,85,85,435,0,0,0,0,1,0,1,45,0.7,1,50,50,800000
201,48,72,48,72,48,48,336,0,1,0,1,0,0,2,225,0.5,5,0,0,1000000
202,190,33,58,33,58,33,405,2,0,0,0,0,0,2,45,1.3,28.5,50,50,1000000
203,70,80,65,90,65,85,455,0,0,0,2,0,0,2,60,1.5,41.5,50,50,1000000
204,50,65,90,35,35,15,290,0,0,1,0,0,0,1,190,0.6,7.2,50,50,1000000
205,75,90,140,60,60,40,465,0,0,2,0,0,0,2,75,1.2,125.8,50,50,1000000
206,100,70,70,65,65,45,415,1,0,0,0,0,0,1,190,1.5,14,50,50,1000000
207,65,75,105,35,65,85,430,0,0,1,0,0,0,1,60,1.1,64.8,50,50,1059860
208,75,85,200,55,65,30,510,0,0,2,0,0,0,2,25,9.2,400,50,50,1000000
209,60,80,50,40,40,30,300,0,1,0,0,0,0,1,190,0.6,7.8,25,75,800000
210,90,120,75,60,60,45,450,0,2,0,0,0,0,2,75,1.4,48.7,25,75,800000
211,65,95,85,55,55,85,440,0,1,0,0,0,0,1,45,0.5,3.9,50,50,1000000
212,70,130,100,55,80,65,500,0,2,0,0,0,0,2,25,1.8,118,50,50,1000000
213,20,10,230,10,230,5,505,0,0,1,0,1,0,2,190,0.6,20.5,50,50,1059860
214,80,125,75,40,95,85,500,0,2,0,0,0,0,2,45,1.5,54,50,50,1250000
215,55,95,55,35,75,115,430,0,0,0,0,0,1,1,60,0.9,28,50,50,1059860
216,60,80,50,50,50,40,330,0,1,0,0,0,0,1,120,0.6,8.8,50,50,1000000
217,90,130,75,75,75,55,500,0,2,0,0,0,0,2,60,1.8,125.8,50,50,1000000
218,40,40,40,70,40,20,250,0,0,0,1,0,0,1,190,0.7,35,50,50,1000000
219,60,50,120,90,80,30,430,0,0,2,0,0,0,2,75,0.8,55,50,50,1000000
220,50,50,40,30,30,50,250,0,1,0,0,0,0,1,225,0.4,6.5,50,50,1250000
221,100,100,80,60,60,50,450,1,1,0,0,0,0,2,75,1.1,55.8,50,50,1250000
222,65,55,95,65,95,35,410,0,0,1,0,1,0,2,60,0.6,5,25,75,800000
223,35,65,35,65,35,65,300,0,0,0,1,0,0,1,190,0.6,12,50,50,1000000
224,75,105,75,105,75,45,480,0,1,0,1,0,0,2,75,0.9,28.5,50,50,1000000
225,45,55,45,65,45,75,330,0,0,0,0,0,1,1,45,0.9,16,50,50,800000
226,85,40,70,80,140,70,485,0,0,0,0,2,0,2,25,2.1,220,50,50,1250000
227,65,80,140,40,70,70,465,0,0,2,0,0,0,2,25,1.7,50.5,50,50,1250000
228,45,60,30,80,50,65,330,0,0,0,1,0,0,1,120,0.6,10.8,50,50,1250000
229,75,90,50,110,80,95,500,0,0,0,2,0,0,2,45,1.4,35,50,50,1250000
230,75,95,95,95,95,85,540,0,1,0,1,1,0,3,45,1.8,152,50,50,1000000
231,90,60,60,40,40,40,330,1,0,0,0,0,0,1,120,0.5,33.5,50,50,1000000
232,90,120,120,60,60,50,500,0,1,1,0,0,0,2,60,1.1,120,50,50,1000000
233,85,80,90,105,95,60,515,0,0,0,2,0,0,2,45,0.6,32.5,0,0,1000000
234,73,95,62,85,65,85,465,0,1,0,0,0,0,1,45,1.4,71.2,50,50,1250000
235,55,20,35,20,45,75,250,0,0,0,0,0,1,1,45,1.2,58,50,50,800000
236,35,35,35,35,35,35,210,0,1,0,0,0,0,1,75,0.7,21,100,0,1000000
237,50,95,95,35,110,70,455,0,0,0,0,2,0,2,45,1.4,48,100,0,1000000
238,45,30,15,85,65,65,305,0,0,0,1,0,0,1,45,0.4,6,0,100,1000000
239,45,63,37,65,55,95,360,0,0,0,0,0,1,1,45,0.6,23.5,75,25,1000000
240,45,75,37,70,55,83,365,0,0,0,0,0,1,1,45,0.7,21.4,75,25,1000000
241,95,80,105,40,70,100,490,0,0,2,0,0,0,2,45,1.2,75.5,0,100,1250000
242,255,10,10,75,135,55,540,3,0,0,0,0,0,3,30,1.5,46.8,0,100,800000
243,90,85,75,115,100,115,580,0,0,0,1,0,2,3,3,1.9,178,0,0,1250000
244,115,115,85,90,75,100,580,1,2,0,0,0,0,3,3,2.1,198,0,0,1250000
245,100,75,115,90,115,85,580,0,0,1,0,2,0,3,3,2,187,0,0,1250000
246,50,64,50,45,50,41,300,0,1,0,0,0,0,1,45,0.6,72,50,50,1250000
247,70,84,70,65,70,51,410,0,2,0,0,0,0,2,45,1.2,152,50,50,1250000
248,100,134,110,95,100,61,600,0,3,0,0,0,0,3,45,2,202,50,50,1250000
249,106,90,130,90,154,110,680,0,0,0,0,3,0,3,3,5.2,216,0,0,1250000
250,106,130,90,110,154,90,680,0,0,0,0,3,0,3,3,3.8,199,0,0,1250000
251,100,100,100,100,100,100,600,3,0,0,0,0,0,3,45,0.6,5,0,0,1059860
252,40,45,35,65,55,70,310,0,0,0,0,0,1,1,45,0.5,5,87.5,12.5,1059860
253,50,65,45,85,65,95,405,0,0,0,0,0,2,2,45,0.9,21.6,87.5,12.5,1059860
254,70,85,65,105,85,120,530,0,0,0,0,0,3,3,45,1.7,52.2,87.5,12.5,1059860
255,45,60,40,70,50,45,310,0,0,0,1,0,0,1,45,0.4,2.5,87.5,12.5,1059860
256,60,85,60,85,60,55,405,0,1,0,1,0,0,2,45,0.9,19.5,87.5,12.5,1059860
257,80,120,70,110,70,80,530,0,3,0,0,0,0,3,45,1.9,52,87.5,12.5,1059860
258,50,70,50,50,50,40,310,0,1,0,0,0,0,1,45,0.4,7.6,87.5,12.5,1059860
259,70,85,70,60,70,50,405,0,2,0,0,0,0,2,45,0.7,28,87.5,12.5,1059860
260,100,110,90,85,90,60,535,0,3,0,0,0,0,3,45,1.5,81.9,87.5,12.5,1059860
261,35,55,35,30,30,35,220,0,1,0,0,0,0,1,255,0.5,13.6,50,50,1000000
262,70,90,70,60,60,70,420,0,2,0,0,0,0,2,127,1,37,50,50,1000000
263,38,30,41,30,41,60,240,0,0,0,0,0,1,1,255,0.4,17.5,50,50,1000000
264,78,70,61,50,61,100,420,0,0,0,0,0,2,2,90,0.5,32.5,50,50,1000000
265,45,45,35,20,30,20,195,1,0,0,0,0,0,1,255,0.3,3.6,50,50,1000000
266,50,35,55,25,25,15,205,0,0,2,0,0,0,2,120,0.6,10,50,50,1000000
267,60,70,50,100,50,65,395,0,0,0,3,0,0,3,45,1,28.4,50,50,1000000
268,50,35,55,25,25,15,205,0,0,2,0,0,0,2,120,0.7,11.5,50,50,1000000
269,60,50,70,50,90,65,385,0,0,0,0,3,0,3,45,1.2,31.6,50,50,1000000
270,40,30,30,40,50,30,220,0,0,0,0,1,0,1,255,0.5,2.6,50,50,1059860
271,60,50,50,60,70,50,340,0,0,0,0,2,0,2,120,1.2,32.5,50,50,1059860
272,80,70,70,90,100,70,480,0,0,0,0,3,0,3,45,1.5,55,50,50,1059860
273,40,40,50,30,30,30,220,0,0,1,0,0,0,1,255,0.5,4,50,50,1059860
274,70,70,40,60,40,60,340,0,2,0,0,0,0,2,120,1,28,50,50,1059860
275,90,100,60,90,60,80,480,0,3,0,0,0,0,3,45,1.3,59.6,50,50,1059860
276,40,55,30,30,30,85,270,0,0,0,0,0,1,1,200,0.3,2.3,50,50,1059860
277,60,85,60,75,50,125,455,0,0,0,0,0,2,2,45,0.7,19.8,50,50,1059860
278,40,30,30,55,30,85,270,0,0,0,0,0,1,1,190,0.6,9.5,50,50,1000000
279,60,50,100,95,70,65,440,0,0,2,0,0,0,2,45,1.2,28,50,50,1000000
280,28,25,25,45,35,40,198,0,0,0,1,0,0,1,235,0.4,6.6,50,50,1250000
281,38,35,35,65,55,50,278,0,0,0,2,0,0,2,120,0.8,20.2,50,50,1250000
282,68,65,65,125,115,80,518,0,0,0,3,0,0,3,45,1.6,48.4,50,50,1250000
283,40,30,32,50,52,65,269,0,0,0,0,0,1,1,200,0.5,1.7,50,50,1000000
284,70,60,62,100,82,80,454,0,0,0,1,1,0,2,75,0.8,3.6,50,50,1000000
285,60,40,60,40,60,35,295,1,0,0,0,0,0,1,255,0.4,4.5,50,50,1640000
286,60,130,80,60,60,70,460,0,2,0,0,0,0,2,90,1.2,39.2,50,50,1640000
287,60,60,60,35,35,30,280,1,0,0,0,0,0,1,255,0.8,24,50,50,1250000
288,80,80,80,55,55,90,440,0,0,0,0,0,2,2,120,1.4,46.5,50,50,1250000
289,150,160,100,95,65,100,670,3,0,0,0,0,0,3,45,2,130.5,50,50,1250000
290,31,45,90,30,30,40,266,0,0,1,0,0,0,1,255,0.5,5.5,50,50,600000
291,61,90,45,50,50,160,456,0,0,0,0,0,2,2,120,0.8,12,50,50,600000
292,1,90,45,30,30,40,236,2,0,0,0,0,0,2,45,0.8,1.2,0,0,600000
293,64,51,23,51,23,28,240,1,0,0,0,0,0,1,190,0.6,16.3,50,50,1059860
294,84,71,43,71,43,48,360,2,0,0,0,0,0,2,120,1,40.5,50,50,1059860
295,104,91,63,91,73,68,490,3,0,0,0,0,0,3,45,1.5,84,50,50,1059860
296,72,60,30,20,30,25,237,1,0,0,0,0,0,1,180,1,86.4,75,25,1640000
297,144,120,60,40,60,50,474,2,0,0,0,0,0,2,200,2.3,253.8,75,25,1640000
298,50,20,40,20,40,20,190,1,0,0,0,0,0,1,150,0.2,2,25,75,800000
299,30,45,135,45,90,30,375,0,0,1,0,0,0,1,255,1,97,50,50,1000000
300,50,45,45,35,35,50,260,0,0,0,0,0,1,1,255,0.6,11,25,75,800000
301,70,65,65,55,55,90,400,1,0,0,0,0,1,2,60,1.1,32.6,25,75,800000
302,50,75,75,65,65,50,380,0,1,1,0,0,0,2,45,0.5,11,50,50,1059860
303,50,85,85,55,55,50,380,0,1,1,0,0,0,2,45,0.6,11.5,50,50,800000
304,50,70,100,40,40,30,330,0,0,1,0,0,0,1,180,0.4,60,50,50,1250000
305,60,90,140,50,50,40,430,0,0,2,0,0,0,2,90,0.9,120,50,50,1250000
306,70,110,180,60,60,50,530,0,0,3,0,0,0,3,45,2.1,360,50,50,1250000
307,30,40,55,40,55,60,280,0,0,0,0,0,1,1,180,0.6,11.2,50,50,1000000
308,60,60,75,60,75,80,410,0,0,0,0,0,2,2,90,1.3,31.5,50,50,1000000
309,40,45,40,65,40,65,295,0,0,0,0,0,1,1,120,0.6,15.2,50,50,1250000
310,70,75,60,105,60,105,475,0,0,0,0,0,2,2,45,1.5,40.2,50,50,1250000
311,60,50,40,85,75,95,405,0,0,0,0,0,1,1,200,0.4,4.2,50,50,1000000
312,60,40,50,75,85,95,405,0,0,0,0,0,1,1,200,0.4,4.2,50,50,1000000
313,65,73,75,47,85,85,430,0,0,0,0,0,1,1,150,0.7,17.7,100,0,600000
314,65,47,75,73,85,85,430,0,0,0,0,0,1,1,150,0.6,17.7,0,100,1640000
315,50,60,45,100,80,65,400,0,0,0,2,0,0,2,150,0.3,2,50,50,1059860
316,70,43,53,43,53,40,302,1,0,0,0,0,0,1,225,0.4,10.3,50,50,1640000
317,100,73,83,73,83,55,467,2,0,0,0,0,0,2,75,1.7,80,50,50,1640000
318,45,90,20,65,20,65,305,0,1,0,0,0,0,1,225,0.8,20.8,50,50,1250000
319,70,120,40,95,40,95,460,0,2,0,0,0,0,2,60,1.8,88.8,50,50,1250000
320,130,70,35,70,35,60,400,1,0,0,0,0,0,1,125,2,130,50,50,1640000
321,170,90,45,90,45,60,500,2,0,0,0,0,0,2,60,14.5,398,50,50,1640000
322,60,60,40,65,45,35,305,0,0,0,1,0,0,1,255,0.7,24,50,50,1000000
323,70,100,70,105,75,40,460,0,1,0,1,0,0,2,150,1.9,220,50,50,1000000
324,70,85,140,85,70,20,470,0,0,2,0,0,0,2,90,0.5,80.4,50,50,1000000
325,60,25,35,70,80,60,330,0,0,0,0,1,0,1,255,0.7,30.6,50,50,800000
326,80,45,65,90,110,80,470,0,0,0,0,2,0,2,60,0.9,71.5,50,50,800000
327,60,60,60,60,60,60,360,0,0,0,1,0,0,1,255,1.1,5,50,50,800000
328,45,100,45,45,45,10,290,0,1,0,0,0,0,1,255,0.7,15,50,50,1059860
329,50,70,50,50,50,70,340,0,1,0,0,0,1,2,120,1.1,15.3,50,50,1059860
330,80,100,80,80,80,100,520,0,1,0,0,0,2,3,45,2,82,50,50,1059860
331,50,85,40,85,40,35,335,0,0,0,1,0,0,1,190,0.4,51.3,50,50,1059860
332,70,115,60,115,60,55,475,0,1,0,1,0,0,2,60,1.3,77.4,50,50,1059860
333,45,40,60,40,75,50,310,0,0,0,0,1,0,1,255,0.4,1.2,50,50,600000
334,75,70,90,70,105,80,490,0,0,0,0,2,0,2,45,1.1,20.6,50,50,600000
335,73,115,60,60,60,90,458,0,2,0,0,0,0,2,90,1.3,40.3,50,50,600000
336,73,100,60,100,60,65,458,0,1,0,1,0,0,2,90,2.7,52.5,50,50,1640000
337,90,55,65,95,85,70,460,0,0,0,2,0,0,2,45,1,168,0,0,800000
338,90,95,85,55,65,70,460,0,2,0,0,0,0,2,45,1.2,154,0,0,800000
339,50,48,43,46,41,60,288,1,0,0,0,0,0,1,190,0.4,1.9,50,50,1000000
340,110,78,73,76,71,60,468,2,0,0,0,0,0,2,75,0.9,23.6,50,50,1000000
341,43,80,65,50,35,35,308,0,1,0,0,0,0,1,205,0.6,11.5,50,50,1640000
342,63,120,85,90,55,55,468,0,2,0,0,0,0,2,155,1.1,32.8,50,50,1640000
343,40,40,55,40,70,55,300,0,0,0,0,1,0,1,255,0.5,21.5,0,0,1000000
344,60,70,105,70,120,75,500,0,0,0,0,2,0,2,90,1.5,107.9,0,0,1000000
345,66,41,77,61,87,23,355,0,0,0,0,1,0,1,45,1,23.8,87.5,12.5,600000
346,86,81,97,81,107,43,495,0,0,0,0,2,0,2,45,1.5,60.4,87.5,12.5,600000
347,45,95,50,40,50,75,355,0,1,0,0,0,0,1,45,0.7,12.5,87.5,12.5,600000
348,75,125,100,70,80,45,495,0,2,0,0,0,0,2,45,1.5,68.2,87.5,12.5,600000
349,20,15,20,10,55,80,200,0,0,0,0,0,1,1,255,0.6,7.4,50,50,600000
350,95,60,79,100,125,81,540,0,0,0,0,2,0,2,60,6.2,162,50,50,600000
351,70,70,70,70,70,70,420,1,0,0,0,0,0,1,45,0.3,0.8,50,50,1000000
352,60,90,70,60,120,40,440,0,0,0,0,1,0,1,200,1,22,50,50,1059860
353,44,75,35,63,33,45,295,0,1,0,0,0,0,1,225,0.6,2.3,50,50,800000
354,64,115,65,83,63,65,455,0,2,0,0,0,0,2,45,1.1,12.5,50,50,800000
355,20,40,90,30,90,25,295,0,0,0,0,1,0,1,190,0.8,15,50,50,800000
356,40,70,130,60,130,25,455,0,0,1,0,1,0,2,90,1.6,30.6,50,50,800000
357,99,68,83,72,87,51,460,2,0,0,0,0,0,2,200,2,100,50,50,1250000
358,75,50,80,95,90,65,455,0,0,0,1,1,0,2,45,0.6,1,50,50,800000
359,65,130,60,75,60,75,465,0,2,0,0,0,0,2,30,1.2,47,50,50,1059860
360,95,23,48,23,48,23,260,1,0,0,0,0,0,1,125,0.6,14,50,50,1000000
361,50,50,50,50,50,50,300,1,0,0,0,0,0,1,190,0.7,16.8,50,50,1000000
362,80,80,80,80,80,80,480,2,0,0,0,0,0,2,75,1.5,256.5,50,50,1000000
363,70,40,50,55,50,25,290,1,0,0,0,0,0,1,255,0.8,39.5,50,50,1059860
364,90,60,70,75,70,45,410,2,0,0,0,0,0,2,120,1.1,87.6,50,50,1059860
365,110,80,90,95,90,65,530,3,0,0,0,0,0,3,45,1.4,150.6,50,50,1059860
366,35,64,85,74,55,32,345,0,0,1,0,0,0,1,255,0.4,52.5,50,50,600000
367,55,104,105,94,75,52,485,0,1,1,0,0,0,2,60,1.7,27,50,50,600000
368,55,84,105,114,75,52,485,0,0,0,2,0,0,2,60,1.8,22.6,50,50,600000
369,100,90,130,45,65,55,485,1,0,1,0,0,0,2,25,1,23.4,87.5,12.5,1250000
370,43,30,55,40,65,97,330,0,0,0,0,0,1,1,225,0.6,8.7,25,75,800000
371,45,75,60,40,30,50,300,0,1,0,0,0,0,1,45,0.6,42.1,50,50,1250000
372,65,95,100,60,50,50,420,0,0,2,0,0,0,2,45,1.1,110.5,50,50,1250000
373,95,135,80,110,80,100,600,0,3,0,0,0,0,3,45,1.5,102.6,50,50,1250000
374,40,55,80,35,60,30,300,0,0,1,0,0,0,1,3,0.6,95.2,100,0,1250000
375,60,75,100,55,80,50,420,0,0,2,0,0,0,2,3,1.2,202.5,100,0,1250000
376,80,135,130,95,90,70,600,0,0,3,0,0,0,3,3,1.6,550,100,0,1250000
377,80,100,200,50,100,50,580,0,0,3,0,0,0,3,3,1.7,230,0,0,1250000
378,80,50,100,100,200,50,580,0,0,0,0,3,0,3,3,1.8,175,0,0,1250000
379,80,75,150,75,150,50,580,0,0,2,0,1,0,3,3,1.9,205,0,0,1250000
380,80,80,90,110,130,110,600,0,0,0,0,3,0,3,3,1.4,40,0,100,1250000
381,80,90,80,130,110,110,600,0,0,0,3,0,0,3,3,2,60,100,0,1250000
382,100,100,90,150,140,90,670,0,0,0,3,0,0,3,3,4.5,352,0,0,1250000
383,100,150,140,100,90,90,670,0,3,0,0,0,0,3,3,3.5,950,0,0,1250000
384,105,150,90,150,90,95,680,0,2,0,1,0,0,3,45,7,206.5,0,0,1250000
385,100,100,100,100,100,100,600,3,0,0,0,0,0,3,3,0.3,1.1,0,0,1250000
386,50,150,50,150,50,150,600,0,1,0,1,0,1,3,3,1.7,60.8,0,0,1250000
387,55,68,64,45,55,31,318,0,1,0,0,0,0,1,45,0.4,10.2,87.5,12.5,1059860
388,75,89,85,55,65,36,405,0,1,1,0,0,0,2,45,1.1,97,87.5,12.5,1059860
389,95,109,105,75,85,56,525,0,2,1,0,0,0,3,45,2.2,310,87.5,12.5,1059860
393,53,51,53,61,56,40,314,0,0,0,1,0,0,1,45,0.4,5.2,87.5,12.5,1059860
394,64,66,68,81,76,50,405,0,0,0,2,0,0,2,45,0.8,23,87.5,12.5,1059860
395,84,86,88,111,101,60,530,0,0,0,3,0,0,3,45,1.7,84.5,87.5,12.5,1059860
396,40,55,30,30,30,60,245,0,0,0,0,0,1,1,255,0.3,2,50,50,1059860
397,55,75,50,40,40,80,340,0,0,0,0,0,2,2,120,0.6,15.5,50,50,1059860
398,85,120,70,50,60,100,485,0,3,0,0,0,0,3,45,1.2,24.9,50,50,1059860
399,59,45,40,35,40,31,250,1,0,0,0,0,0,1,255,0.5,20,50,50,1000000
400,79,85,60,55,60,71,410,0,2,0,0,0,0,2,127,1,31.5,50,50,1000000
401,37,25,41,25,41,25,194,0,0,1,0,0,0,1,255,0.3,2.2,50,50,1059860
402,77,85,51,55,51,65,384,0,2,0,0,0,0,2,45,1,25.5,50,50,1059860
406,40,30,35,50,70,55,280,0,0,0,1,0,0,1,255,0.2,1.2,50,50,1059860
407,60,70,65,125,105,90,515,0,0,0,3,0,0,3,75,0.9,14.5,50,50,1059860
408,67,125,40,30,30,58,350,0,1,0,0,0,0,1,45,0.9,31.5,87.5,12.5,600000
409,97,165,60,65,50,58,495,0,2,0,0,0,0,2,45,1.6,102.5,87.5,12.5,600000
410,30,42,118,42,88,30,350,0,0,1,0,0,0,1,45,0.5,57,87.5,12.5,600000
411,60,52,168,47,138,30,495,0,0,2,0,0,0,2,45,1.3,149.5,87.5,12.5,600000
412,40,29,45,29,45,36,224,0,0,0,0,1,0,1,120,0.2,3.4,50,50,1000000
413,60,59,85,79,105,36,424,0,0,0,0,2,0,2,45,0.5,6.5,0,100,1000000
414,70,94,50,94,50,66,424,0,1,0,1,0,0,2,45,0.9,23.3,100,0,1000000
415,30,30,42,30,42,70,244,0,0,0,0,0,1,1,120,0.3,5.5,87.5,12.5,1059860
416,70,80,102,80,102,40,474,0,0,1,0,1,0,2,45,1.2,38.5,0,100,1059860
417,60,45,70,45,90,95,405,0,0,0,0,0,1,1,200,0.4,3.9,50,50,1000000
418,55,65,35,60,30,85,330,0,0,0,0,0,1,1,190,0.7,29.5,50,50,1000000
419,85,105,55,85,50,115,495,0,0,0,0,0,2,2,75,1.1,33.5,50,50,1000000
420,45,35,45,62,53,35,275,0,0,0,1,0,0,1,190,0.4,3.3,50,50,1000000
421,70,60,70,87,78,85,450,0,0,0,2,0,0,2,75,0.5,9.3,50,50,1000000
422,76,48,48,57,62,34,325,1,0,0,0,0,0,1,190,0.3,6.3,50,50,1000000
423,111,83,68,92,82,39,475,2,0,0,0,0,0,2,75,0.9,29.9,50,50,1000000
424,75,100,66,60,66,115,482,0,0,0,0,0,2,2,45,1.2,20.3,50,50,800000
425,90,50,34,60,44,70,348,1,0,0,0,0,0,1,125,0.4,1.2,50,50,1640000
426,150,80,44,90,54,80,498,2,0,0,0,0,0,2,60,1.2,15,50,50,1640000
427,55,66,44,44,56,85,350,0,0,0,0,0,1,1,190,0.4,5.5,50,50,1000000
428,65,76,84,54,96,105,480,0,0,0,0,0,2,2,60,1.2,33.3,50,50,1000000
429,60,60,60,105,105,105,495,0,0,0,1,1,0,2,45,0.9,4.4,50,50,800000
430,100,125,52,105,52,71,505,0,2,0,0,0,0,2,30,0.9,27.3,50,50,1059860
431,49,55,42,42,37,85,310,0,0,0,0,0,1,1,190,0.5,3.9,25,75,800000
432,71,82,64,64,59,112,452,0,0,0,0,0,2,2,75,1,43.8,25,75,800000
433,45,30,50,65,50,45,285,0,0,0,1,0,0,1,120,0.2,0.6,50,50,800000
434,63,63,47,41,41,74,329,0,0,0,0,0,1,1,225,0.4,19.2,50,50,1000000
435,103,93,67,71,61,84,479,2,0,0,0,0,0,2,60,1,38,50,50,1000000
436,57,24,86,24,86,23,300,0,0,1,0,0,0,1,255,0.5,60.5,0,0,1000000
437,67,89,116,79,116,33,500,0,0,1,0,1,0,2,90,1.3,187,0,0,1000000
438,50,80,95,10,45,10,290,0,0,1,0,0,0,1,255,0.5,15,50,50,1000000
439,20,25,45,70,90,60,310,0,0,0,0,1,0,1,145,0.6,13,50,50,1000000
440,100,5,5,15,65,30,220,1,0,0,0,0,0,1,130,0.6,24.4,0,100,800000
441,76,65,45,92,42,91,411,0,1,0,0,0,0,1,30,0.5,1.9,50,50,1059860
442,50,92,108,92,108,35,485,0,0,1,0,1,0,2,100,1,108,50,50,1000000
443,58,70,45,40,45,42,300,0,1,0,0,0,0,1,45,0.7,20.5,50,50,1250000
444,68,90,65,50,55,82,410,0,2,0,0,0,0,2,45,1.4,56,50,50,1250000
445,108,130,95,80,85,102,600,0,3,0,0,0,0,3,45,1.9,95,50,50,1250000
446,135,85,40,40,85,5,390,1,0,0,0,0,0,1,50,0.6,105,87.5,12.5,1250000
447,40,70,40,35,40,60,285,0,1,0,0,0,0,1,75,0.7,20.2,87.5,12.5,1059860
448,70,110,70,115,70,90,525,0,1,0,1,0,0,2,45,1.2,54,87.5,12.5,1059860
449,68,72,78,38,42,32,330,0,0,1,0,0,0,1,140,0.8,49.5,50,50,1250000
450,108,112,118,68,72,47,525,0,0,2,0,0,0,2,60,2,300,50,50,1250000
451,40,50,90,30,55,65,330,0,0,1,0,0,0,1,120,0.8,12,50,50,1250000
452,70,90,110,60,75,95,500,0,0,2,0,0,0,2,45,1.3,61.5,50,50,1250000
453,48,61,40,61,40,50,300,0,1,0,0,0,0,1,140,0.7,23,50,50,1000000
454,83,106,65,86,65,85,490,0,2,0,0,0,0,2,75,1.3,44.4,50,50,1000000
455,74,100,72,90,72,46,454,0,2,0,0,0,0,2,200,1.4,27,50,50,1250000
456,49,49,56,49,61,66,330,0,0,0,0,0,1,1,190,0.4,7,50,50,600000
457,69,69,76,69,86,91,460,0,0,0,0,0,2,2,75,1.2,24,50,50,600000
458,45,20,50,60,120,50,345,0,0,0,0,1,0,1,25,1,65,50,50,1250000
459,60,62,50,62,60,40,334,0,1,0,0,0,0,1,120,1,50.5,50,50,1250000
460,90,92,75,92,85,60,494,0,1,0,1,0,0,2,60,2.2,135.5,50,50,1250000
461,70,120,65,45,85,125,510,0,1,0,0,0,1,2,45,1.1,34,50,50,1059860
462,70,70,115,130,90,60,535,0,0,0,3,0,0,3,30,1.2,180,0,0,1000000
463,110,85,95,80,95,50,515,3,0,0,0,0,0,3,30,1.7,140,50,50,1000000
464,115,140,130,55,55,40,535,0,3,0,0,0,0,3,30,2.4,282.8,50,50,1250000
465,100,100,125,110,50,50,535,0,0,2,0,0,0,2,30,2,128.6,50,50,1000000
466,75,123,67,95,85,95,540,0,3,0,0,0,0,3,30,1.8,138.6,75,25,1000000
467,75,95,67,125,95,83,540,0,0,0,3,0,0,3,30,1.6,68,75,25,1000000
468,85,50,95,120,115,80,545,0,0,0,2,1,0,3,30,1.5,38,87.5,12.5,800000
469,86,76,86,116,56,95,515,0,2,0,0,0,0,2,30,1.9,51.5,50,50,1000000
470,65,110,130,60,65,95,525,0,0,2,0,0,0,2,45,1,25.5,87.5,12.5,1000000
471,65,60,110,130,95,65,525,0,0,0,2,0,0,2,45,0.8,25.9,87.5,12.5,1000000
472,75,95,125,45,75,95,510,0,0,2,0,0,0,2,30,2,42.5,50,50,1059860
473,110,130,80,70,60,80,530,0,3,0,0,0,0,3,50,2.5,291,50,50,1250000
474,85,80,70,135,75,90,535,0,0,0,3,0,0,3,30,0.9,34,0,0,1000000
475,68,125,65,65,115,80,518,0,3,0,0,0,0,3,45,1.6,52,100,0,1250000
476,60,55,145,75,150,40,525,0,0,1,0,2,0,3,60,1.4,340,50,50,1000000
477,45,100,135,65,135,45,525,0,0,1,0,2,0,3,45,2.2,106.6,50,50,800000
478,70,80,70,80,70,110,480,0,0,0,0,0,2,2,75,1.3,26.6,0,100,1000000
479,50,50,77,95,77,91,440,0,0,0,1,0,1,2,45,0.3,0.3,0,0,1000000
480,75,75,130,75,130,95,580,0,0,2,0,1,0,3,3,0.3,0.3,0,0,1250000
481,80,105,105,105,105,80,580,0,1,0,1,1,0,3,3,0.3,0.3,0,0,1250000
482,75,125,70,125,70,115,580,0,2,0,1,0,0,3,3,0.3,0.3,0,0,1250000
483,100,120,120,150,100,90,680,0,0,0,3,0,0,3,3,5.4,683,0,0,1250000
484,90,120,100,150,120,100,680,0,0,0,3,0,0,3,3,4.2,336,0,0,1250000
485,91,90,106,130,106,77,600,0,0,0,3,0,0,3,3,1.7,430,50,50,1250000
486,110,160,110,80,110,100,670,0,3,0,0,0,0,3,3,3.7,420,0,0,1250000
487,150,100,120,100,120,90,680,3,0,0,0,0,0,3,3,4.5,750,0,0,1250000
488,120,70,120,75,130,85,600,0,0,0,0,3,0,3,3,1.5,85.6,0,0,1250000
491,70,90,90,135,90,125,600,0,0,0,2,0,1,3,3,1.5,50.5,0,0,1250000
492,100,100,100,100,100,100,600,3,0,0,0,0,0,3,45,0.2,2.1,0,0,1059860
493,120,120,120,120,120,120,720,3,0,0,0,0,0,3,3,3.2,320,0,0,1250000
494,100,100,100,100,100,100,600,3,0,0,0,0,0,3,3,0.4,4,0,0,1250000
765,90,60,80,90,110,60,490,0,0,0,0,2,0,2,45,1.5,76,50,50,1250000
495,45,45,55,45,55,63,308,0,0,0,0,0,1,1,45,0.6,8.1,87.5,12.5,1059860
496,60,60,75,60,75,83,413,0,0,0,0,0,2,2,45,0.8,16,87.5,12.5,1059860
497,75,75,95,75,95,113,528,0,0,0,0,0,3,3,45,3.3,63,87.5,12.5,1059860
498,65,63,45,45,45,45,308,1,0,0,0,0,0,1,45,0.5,9.9,87.5,12.5,1059860
499,90,93,55,70,55,55,418,0,2,0,0,0,0,2,45,1,55.5,87.5,12.5,1059860
500,110,123,65,100,65,65,528,0,3,0,0,0,0,3,45,1.6,150,87.5,12.5,1059860
501,55,55,45,63,45,45,308,0,0,0,1,0,0,1,45,0.5,5.9,87.5,12.5,1059860
502,75,75,60,83,60,60,413,0,0,0,2,0,0,2,45,0.8,24.5,87.5,12.5,1059860
503,95,100,85,108,70,70,528,0,0,0,3,0,0,3,45,1.5,94.6,87.5,12.5,1059860
504,45,55,39,35,39,42,255,0,1,0,0,0,0,1,255,0.5,11.6,50,50,1000000
505,60,85,69,60,69,77,420,0,2,0,0,0,0,2,255,1.1,27,50,50,1000000
506,45,60,45,25,45,55,275,0,1,0,0,0,0,1,255,0.4,4.1,50,50,1059860
507,65,80,65,35,65,60,370,0,2,0,0,0,0,2,120,0.9,14.7,50,50,1059860
508,85,110,90,45,90,80,500,0,3,0,0,0,0,3,45,1.2,61,50,50,1059860
509,41,50,37,50,37,66,281,0,0,0,0,0,1,1,255,0.4,10.1,50,50,1000000
510,64,88,50,88,50,106,446,0,0,0,0,0,2,2,90,1.1,37.5,50,50,1000000
511,50,53,48,53,48,64,316,0,0,0,0,0,1,1,190,0.6,10.5,87.5,12.5,1000000
512,75,98,63,98,63,101,498,0,0,0,0,0,2,2,75,1.1,30.5,87.5,12.5,1000000
513,50,53,48,53,48,64,316,0,0,0,0,0,1,1,190,0.6,11,87.5,12.5,1000000
514,75,98,63,98,63,101,498,0,0,0,0,0,2,2,75,1,28,87.5,12.5,1000000
515,50,53,48,53,48,64,316,0,0,0,0,0,1,1,190,0.6,13.5,87.5,12.5,1000000
516,75,98,63,98,63,101,498,0,0,0,0,0,2,2,75,1,29,87.5,12.5,1000000
517,76,25,45,67,55,24,292,1,0,0,0,0,0,1,190,0.6,23.3,50,50,800000
518,116,55,85,107,95,29,487,2,0,0,0,0,0,2,75,1.1,60.5,50,50,800000
519,50,55,50,36,30,43,264,0,1,0,0,0,0,1,255,0.3,2.1,50,50,1059860
520,62,77,62,50,42,65,358,0,2,0,0,0,0,2,120,0.6,15,50,50,1059860
521,80,115,80,65,55,93,488,0,3,0,0,0,0,3,45,1.2,29,50,50,1059860
522,45,60,32,50,32,76,295,0,0,0,0,0,1,1,190,0.8,29.8,50,50,1000000
523,75,100,63,80,63,116,497,0,0,0,0,0,2,2,75,1.6,79.5,50,50,1000000
524,55,75,85,25,25,15,280,0,0,1,0,0,0,1,255,0.4,18,50,50,1059860
525,70,105,105,50,40,20,390,0,1,1,0,0,0,2,120,0.9,102,50,50,1059860
526,85,135,130,60,80,25,515,0,3,0,0,0,0,3,45,1.7,260,50,50,1059860
527,65,45,43,55,43,72,323,0,0,0,0,0,1,1,190,0.4,2.1,50,50,1000000
528,67,57,55,77,55,114,425,0,0,0,0,0,2,2,45,0.9,10.5,50,50,1000000
529,60,85,40,30,45,68,328,0,1,0,0,0,0,1,120,0.3,8.5,50,50,1000000
530,110,135,60,50,65,88,508,0,2,0,0,0,0,2,60,0.7,40.4,50,50,1000000
531,103,60,86,60,86,50,445,2,0,0,0,0,0,2,255,1.1,31,50,50,800000
532,75,80,55,25,35,35,305,0,1,0,0,0,0,1,180,0.6,12.5,75,25,1059860
533,85,105,85,40,50,40,405,0,2,0,0,0,0,2,90,1.2,40,75,25,1059860
534,105,140,95,55,65,45,505,0,3,0,0,0,0,3,45,1.4,87,75,25,1059860
535,50,50,40,50,40,64,294,0,0,0,0,0,1,1,255,0.5,4.5,50,50,1059860
536,75,65,55,65,55,69,384,2,0,0,0,0,0,2,120,0.8,17,50,50,1059860
537,105,95,75,85,75,74,509,3,0,0,0,0,0,3,45,1.5,62,50,50,1059860
538,120,100,85,30,85,45,465,2,0,0,0,0,0,2,45,1.3,55.5,100,0,1000000
539,75,125,75,30,75,85,465,0,2,0,0,0,0,2,45,1.4,41,100,0,1000000
540,45,53,70,40,60,42,310,0,0,1,0,0,0,1,255,0.3,2.5,50,50,1059860
541,55,63,90,50,80,42,380,0,0,2,0,0,0,2,120,0.5,7.3,50,50,1059860
542,75,103,80,70,80,92,500,0,3,0,0,0,0,3,45,1.2,20.5,50,50,1059860
543,30,45,59,30,39,57,260,0,0,1,0,0,0,1,255,0.4,5.3,50,50,1059860
544,40,55,99,40,79,47,360,0,0,2,0,0,0,2,120,1.2,58.5,50,50,1059860
545,60,100,89,55,69,112,485,0,0,0,0,0,3,3,45,2.5,200.5,50,50,1059860
546,40,27,60,37,50,66,280,0,0,0,0,0,1,1,190,0.3,0.6,50,50,1000000
547,60,67,85,77,75,116,480,0,0,0,0,0,2,2,75,0.7,6.6,50,50,1000000
548,45,35,50,70,50,30,280,0,0,0,1,0,0,1,190,0.5,6.6,0,100,1000000
549,70,60,75,110,75,90,480,0,0,0,2,0,0,2,75,1.1,16.3,0,100,1000000
55,80,82,78,95,80,85,500,0,0,0,2,0,0,2,75,1.7,76.6,50,50,1000000
550,70,92,65,80,55,98,460,0,0,0,0,0,2,2,25,1,18,50,50,1000000
551,50,72,35,35,35,65,292,0,1,0,0,0,0,1,180,0.7,15.2,50,50,1059860
552,60,82,45,45,45,74,351,0,2,0,0,0,0,2,90,1,33.4,50,50,1059860
553,95,117,80,65,70,92,519,0,3,0,0,0,0,3,45,1.5,96.3,50,50,1059860
554,70,90,45,15,45,50,315,0,1,0,0,0,0,1,120,0.6,37.5,50,50,1059860
555,105,140,55,30,55,95,480,0,2,0,0,0,0,2,60,1.3,92.9,50,50,1059860
556,75,86,67,106,67,60,461,0,0,0,2,0,0,2,255,1,28,50,50,1000000
557,50,65,85,35,35,55,325,0,0,1,0,0,0,1,190,0.3,14.5,50,50,1000000
558,70,105,125,65,75,45,485,0,0,2,0,0,0,2,75,1.4,200,50,50,1000000
559,50,75,70,35,70,48,348,0,1,0,0,0,0,1,180,0.6,11.8,50,50,1000000
56,40,80,35,35,45,70,305,0,1,0,0,0,0,1,190,0.5,28,50,50,1000000
560,65,90,115,45,115,58,488,0,0,1,0,1,0,2,90,1.1,30,50,50,1000000
561,72,58,80,103,80,97,490,0,0,0,2,0,0,2,45,1.4,14,50,50,1000000
562,38,30,85,55,65,30,303,0,0,1,0,0,0,1,190,0.5,1.5,50,50,1000000
563,58,50,145,95,105,30,483,0,0,2,0,0,0,2,90,1.7,76.5,50,50,1000000
564,54,78,103,53,45,22,355,0,0,1,0,0,0,1,45,0.7,16.5,87.5,12.5,1000000
565,74,108,133,83,65,32,495,0,0,2,0,0,0,2,45,1.2,81,87.5,12.5,1000000
566,55,112,45,74,45,70,401,0,1,0,0,0,0,1,45,0.5,9.5,87.5,12.5,1000000
567,75,140,65,112,65,110,567,0,2,0,0,0,0,2,45,1.4,32,87.5,12.5,1000000
568,50,50,62,40,62,65,329,0,0,0,0,0,1,1,190,0.6,31,50,50,1000000
569,80,95,82,60,82,75,474,0,2,0,0,0,0,2,60,1.9,107.3,50,50,1000000
57,65,105,60,60,70,95,455,0,2,0,0,0,0,2,75,1,32,50,50,1000000
570,40,65,40,80,40,65,330,0,0,0,1,0,0,1,75,0.7,12.5,87.5,12.5,1059860
571,60,105,60,120,60,105,510,0,0,0,2,0,0,2,45,1.6,81.1,87.5,12.5,1059860
572,55,50,40,40,40,75,300,0,0,0,0,0,1,1,255,0.4,5.8,25,75,800000
573,75,95,60,65,60,115,470,0,0,0,0,0,2,2,60,0.5,7.5,25,75,800000
574,45,30,50,55,65,45,290,0,0,0,0,1,0,1,200,0.4,5.8,25,75,1059860
575,60,45,70,75,85,55,390,0,0,0,0,2,0,2,100,0.7,18,25,75,1059860
576,70,55,95,95,110,65,490,0,0,0,0,3,0,3,50,1.5,44,25,75,1059860
577,45,30,40,105,50,20,290,0,0,0,1,0,0,1,200,0.3,1,50,50,1059860
578,65,40,50,125,60,30,370,0,0,0,2,0,0,2,100,0.6,8,50,50,1059860
579,110,65,75,125,85,30,490,0,0,0,3,0,0,3,50,1,20.1,50,50,1059860
58,55,70,45,70,50,60,350,0,1,0,0,0,0,1,190,0.7,19,75,25,1250000
580,62,44,50,44,50,55,305,1,0,0,0,0,0,1,190,0.5,5.5,50,50,1000000
581,75,87,63,87,63,98,473,0,0,0,0,0,2,2,45,1.3,24.2,50,50,1000000
582,36,50,50,65,60,44,305,0,0,0,1,0,0,1,255,0.4,5.7,50,50,1250000
583,51,65,65,80,75,59,395,0,0,0,2,0,0,2,120,1.1,41,50,50,1250000
584,71,95,85,110,95,79,535,0,0,0,3,0,0,3,45,1.3,57.5,50,50,1250000
585,60,60,50,40,50,75,335,0,0,0,0,0,1,1,190,0.6,19.5,50,50,1000000
586,80,100,70,60,70,95,475,0,2,0,0,0,0,2,75,1.9,92.5,50,50,1000000
587,55,75,60,75,60,103,428,0,0,0,0,0,2,2,200,0.4,5,50,50,1000000
588,50,75,45,40,45,60,315,0,1,0,0,0,0,1,200,0.5,5.9,50,50,1000000
589,70,135,105,60,105,20,495,0,2,0,0,0,0,2,75,1,33,50,50,1000000
59,90,110,80,100,80,95,555,0,2,0,0,0,0,2,75,1.9,155,75,25,1250000
590,69,55,45,55,55,15,294,1,0,0,0,0,0,1,190,0.2,1,50,50,1000000
591,114,85,70,85,80,30,464,2,0,0,0,0,0,2,75,0.6,10.5,50,50,1000000
592,55,40,50,65,85,40,335,0,0,0,0,1,0,1,190,1.2,33,50,50,1000000
593,100,60,70,85,105,60,480,0,0,0,0,2,0,2,60,2.2,135,50,50,1000000
594,165,75,80,40,45,65,470,2,0,0,0,0,0,2,75,1.2,31.6,50,50,800000
595,50,47,50,57,50,65,319,0,0,0,0,0,1,1,190,0.1,0.6,50,50,1000000
596,70,77,60,97,60,108,472,0,0,0,0,0,2,2,75,0.8,14.3,50,50,1000000
597,44,50,91,24,86,10,305,0,0,1,0,0,0,1,255,0.6,18.8,50,50,1000000
598,74,94,131,54,116,20,489,0,0,2,0,0,0,2,90,1,110,50,50,1000000
599,40,55,70,45,60,30,300,0,0,1,0,0,0,1,130,0.3,21,0,0,1059860
60,40,50,40,40,40,90,300,0,0,0,0,0,1,1,255,0.6,12.4,50,50,1059860
600,60,80,95,70,85,50,440,0,0,2,0,0,0,2,60,0.6,51,0,0,1059860
601,60,100,115,70,85,90,520,0,0,3,0,0,0,3,30,0.6,81,0,0,1059860
602,35,55,40,45,40,60,275,0,0,0,0,0,1,1,190,0.2,0.3,50,50,1250000
603,65,85,70,75,70,40,405,0,2,0,0,0,0,2,60,1.2,22,50,50,1250000
604,85,115,80,105,80,50,515,0,3,0,0,0,0,3,30,2.1,80.5,50,50,1250000
605,55,55,55,85,55,30,335,0,0,0,1,0,0,1,255,0.5,9,50,50,1000000
606,75,75,75,125,95,40,485,0,0,0,2,0,0,2,90,1,34.5,50,50,1000000
607,50,30,55,65,55,20,275,0,0,0,1,0,0,1,190,0.3,3.1,50,50,1059860
608,60,40,60,95,60,55,370,0,0,0,2,0,0,2,90,0.6,13,50,50,1059860
609,60,55,90,145,90,80,520,0,0,0,3,0,0,3,45,1,34.3,50,50,1059860
61,65,65,65,50,50,90,385,0,0,0,0,0,2,2,120,1,20,50,50,1059860
610,46,87,60,30,40,57,320,0,1,0,0,0,0,1,75,0.6,18,50,50,1250000
611,66,117,70,40,50,67,410,0,2,0,0,0,0,2,60,1,36,50,50,1250000
612,76,147,90,60,70,97,540,0,3,0,0,0,0,3,45,1.8,105.5,50,50,1250000
613,55,70,40,60,40,40,305,0,1,0,0,0,0,1,120,0.5,8.5,50,50,1000000
614,95,130,80,70,80,50,505,0,2,0,0,0,0,2,60,2.6,260,50,50,1000000
615,80,50,50,95,135,105,515,0,0,0,0,2,0,2,25,1.1,148,0,0,1000000
616,50,40,85,40,65,25,305,0,0,1,0,0,0,1,200,0.4,7.7,50,50,1000000
617,80,70,40,100,60,145,495,0,0,0,0,0,2,2,75,0.8,25.3,50,50,1000000
618,109,66,84,81,99,32,471,2,0,0,0,0,0,2,75,0.7,11,50,50,1000000
619,45,85,50,55,50,65,350,0,1,0,0,0,0,1,180,0.9,20,50,50,1059860
62,90,95,95,70,90,70,510,0,0,3,0,0,0,3,45,1.3,54,50,50,1059860
620,65,125,60,95,60,105,510,0,2,0,0,0,0,2,45,1.4,35.5,50,50,1059860
621,77,120,90,60,90,48,485,0,2,0,0,0,0,2,45,1.6,139,50,50,1000000
622,59,74,50,35,50,35,303,0,1,0,0,0,0,1,190,1,92,0,0,1000000
623,89,124,80,55,80,55,483,0,2,0,0,0,0,2,90,2.8,330,0,0,1000000
624,45,85,70,40,40,60,340,0,1,0,0,0,0,1,120,0.5,10.2,50,50,1000000
625,65,125,100,60,70,70,490,0,2,0,0,0,0,2,45,1.6,70,50,50,1000000
626,95,110,95,40,95,55,490,0,2,0,0,0,0,2,45,1.6,94.5,50,50,1000000
627,70,83,50,37,50,60,350,0,1,0,0,0,0,1,190,0.5,10.5,100,0,1250000
628,100,123,75,57,75,80,510,0,2,0,0,0,0,2,60,1.5,41,100,0,1250000
629,70,55,75,45,65,60,370,0,0,1,0,0,0,1,190,0.5,9,0,100,1250000
63,25,20,15,105,55,90,310,0,0,0,1,0,0,1,200,0.9,19.5,75,25,1059860
630,110,65,105,55,95,80,510,0,0,0,2,0,0,2,60,1.2,39.5,0,100,1250000
631,85,97,66,105,66,65,484,0,0,0,2,0,0,2,90,1.4,58,50,50,1000000
632,58,109,112,48,48,109,484,0,0,2,0,0,0,2,90,0.3,33,50,50,1000000
633,52,65,50,45,50,38,300,0,1,0,0,0,0,1,45,0.8,17.3,50,50,1250000
634,72,85,70,65,70,58,420,0,2,0,0,0,0,2,45,1.4,50,50,50,1250000
635,92,105,90,125,90,98,600,0,0,0,3,0,0,3,45,1.8,160,50,50,1250000
636,55,85,55,50,55,60,360,0,1,0,0,0,0,1,45,1.1,28.8,50,50,1250000
637,85,60,65,135,105,100,550,0,0,0,3,0,0,3,15,1.6,46,50,50,1250000
638,91,90,129,90,72,108,580,0,0,3,0,0,0,3,3,2.1,250,0,0,1250000
639,91,129,90,72,90,108,580,0,3,0,0,0,0,3,3,1.9,260,0,0,1250000
64,40,35,30,120,70,105,400,0,0,0,2,0,0,2,100,1.3,56.5,75,25,1059860
640,91,90,72,90,129,108,580,0,0,0,0,3,0,3,3,2,200,0,0,1250000
641,79,115,70,125,80,111,580,0,3,0,0,0,0,3,3,1.5,63,100,0,1250000
642,79,115,70,125,80,111,580,0,3,0,0,0,0,3,3,1.5,61,100,0,1250000
643,100,120,100,150,120,90,680,0,0,0,3,0,0,3,3,3.2,330,0,0,1250000
644,100,150,120,120,100,90,680,0,3,0,0,0,0,3,3,2.9,345,0,0,1250000
645,89,125,90,115,80,101,600,0,0,0,3,0,0,3,3,1.5,68,100,0,1250000
646,125,130,90,130,90,95,660,1,1,0,1,0,0,3,3,3,325,0,0,1250000
647,91,72,90,129,90,108,580,0,0,0,3,0,0,3,3,1.4,48.5,0,0,1250000
648,100,77,77,128,128,90,600,0,0,0,1,1,1,3,3,0.6,6.5,0,0,1250000
649,71,120,95,120,95,99,600,0,1,0,1,0,1,3,3,1.5,82.5,0,0,1250000
65,55,50,45,135,95,120,500,0,0,0,3,0,0,3,50,1.5,48,75,25,1059860
650,56,61,65,48,45,38,313,0,0,1,0,0,0,1,45,0.4,9,87.5,12.5,1059860
651,61,78,95,56,58,57,405,0,0,2,0,0,0,2,45,0.7,29,87.5,12.5,1059860
652,88,107,122,74,75,64,530,0,0,3,0,0,0,3,45,1.6,90,87.5,12.5,1059860
653,40,45,40,62,60,60,307,0,0,0,1,0,0,1,45,0.4,9.4,87.5,12.5,1059860
654,59,59,58,90,70,73,409,0,0,0,2,0,0,2,45,1,14.5,87.5,12.5,1059860
655,75,69,72,114,100,104,534,0,0,0,3,0,0,3,45,1.5,39,87.5,12.5,1059860
656,41,56,40,62,44,71,314,0,0,0,0,0,1,1,45,0.3,7,87.5,12.5,1059860
657,54,63,52,83,56,97,405,0,0,0,0,0,2,2,45,0.6,10.9,87.5,12.5,1059860
658,72,95,67,103,71,122,530,0,0,0,0,0,3,3,45,1.5,40,87.5,12.5,1059860
659,38,36,38,32,36,57,237,0,0,0,0,0,1,1,255,0.4,5,50,50,1000000
66,70,80,50,35,35,35,305,0,1,0,0,0,0,1,180,0.8,19.5,75,25,1059860
660,85,56,77,50,77,78,423,2,0,0,0,0,0,2,127,1,42.4,50,50,1000000
661,45,50,43,40,38,62,278,0,0,0,0,0,1,1,255,0.3,1.7,50,50,1059860
662,62,73,55,56,52,84,382,0,0,0,0,0,2,2,120,0.7,16,50,50,1059860
663,78,81,71,74,69,126,499,0,0,0,0,0,3,3,45,1.2,24.5,50,50,1059860
664,38,35,40,27,25,35,200,0,0,1,0,0,0,1,255,0.3,2.5,50,50,1000000
665,45,22,60,27,30,29,213,0,0,2,0,0,0,2,120,0.3,8.4,50,50,1000000
666,80,52,50,90,50,89,411,1,0,0,1,0,1,3,45,1.2,17,50,50,1000000
667,62,50,58,73,54,72,369,0,0,0,1,0,0,1,220,0.6,13.5,12.5,87.5,1059860
668,86,68,72,109,66,106,507,0,0,0,2,0,0,2,65,1.5,81.5,12.5,87.5,1059860
669,44,38,39,61,79,42,303,0,0,0,0,1,0,1,225,0.1,0.1,0,100,1000000
67,80,100,70,50,60,45,405,0,2,0,0,0,0,2,90,1.5,70.5,75,25,1059860
670,54,45,47,75,98,52,371,0,0,0,0,2,0,2,120,0.2,0.9,0,100,1000000
671,78,65,68,112,154,75,552,0,0,0,0,3,0,3,45,1.1,10,0,100,1000000
672,66,65,48,62,57,52,350,1,0,0,0,0,0,1,200,0.9,31,50,50,1000000
673,123,100,62,97,81,68,531,2,0,0,0,0,0,2,45,1.7,91,50,50,1000000
674,67,82,62,46,48,43,348,0,1,0,0,0,0,1,220,0.6,8,50,50,1000000
675,95,124,78,69,71,58,495,0,2,0,0,0,0,2,65,2.1,136,50,50,1000000
676,75,80,60,65,90,102,472,0,0,0,0,0,1,1,160,1.2,28,50,50,1000000
677,62,48,54,63,60,68,355,0,0,0,0,0,1,1,190,0.3,3.5,50,50,1000000
678,74,48,76,83,81,104,466,0,0,0,0,0,2,2,75,0.6,8.5,100,0,1000000
68,90,130,80,65,85,55,505,0,3,0,0,0,0,3,45,1.6,130,75,25,1059860
681,60,50,140,50,140,60,500,0,0,2,0,1,0,3,45,1.7,53,50,50,1000000
682,78,52,60,63,65,23,341,1,0,0,0,0,0,1,200,0.2,0.5,50,50,1000000
683,101,72,72,99,89,29,462,2,0,0,0,0,0,2,140,0.8,15.5,50,50,1000000
684,62,48,66,59,57,49,341,0,0,1,0,0,0,1,200,0.4,3.5,50,50,1000000
685,82,80,86,85,75,72,480,0,0,2,0,0,0,2,140,0.8,5,50,50,1000000
686,53,54,53,37,46,45,288,0,1,0,0,0,0,1,190,0.4,3.5,50,50,1000000
687,86,92,88,68,75,73,482,0,2,0,0,0,0,2,80,1.5,47,50,50,1000000
688,42,52,67,39,56,50,306,0,1,0,0,0,0,1,120,0.5,31,50,50,1000000
689,72,105,115,54,86,68,500,0,2,0,0,0,0,2,45,1.3,96,50,50,1000000
69,50,75,35,70,30,40,300,0,1,0,0,0,0,1,255,0.7,4,50,50,1059860
690,50,60,60,60,60,30,320,0,0,0,0,1,0,1,225,0.5,7.3,50,50,1000000
691,65,75,90,97,123,44,494,0,0,0,0,2,0,2,55,1.8,81.5,50,50,1000000
692,50,53,62,58,63,44,330,0,0,0,1,0,0,1,225,0.5,8.3,50,50,1250000
693,71,73,88,120,89,59,500,0,0,0,2,0,0,2,55,1.3,35.3,50,50,1250000
694,44,38,33,61,43,70,289,0,0,0,0,0,1,1,190,0.5,6,50,50,1000000
695,62,55,52,109,94,109,481,0,0,0,1,0,1,2,75,1,21,50,50,1000000
696,58,89,77,45,45,48,362,0,1,0,0,0,0,1,45,0.8,26,87.5,12.5,1000000
697,82,121,119,69,59,71,521,0,2,0,0,0,0,2,45,2.5,270,87.5,12.5,1000000
698,77,59,50,67,63,46,362,1,0,0,0,0,0,1,45,1.3,25.2,87.5,12.5,1000000
699,123,77,72,99,92,58,521,2,0,0,0,0,0,2,45,2.7,225,87.5,12.5,1000000
70,65,90,50,85,45,55,390,0,2,0,0,0,0,2,120,1,6.4,50,50,1059860
700,95,65,65,110,130,60,525,0,0,0,0,2,0,2,45,1,23.5,87.5,12.5,1000000
701,78,92,75,74,63,118,500,0,2,0,0,0,0,2,100,0.8,21.5,50,50,1000000
702,67,58,57,81,67,101,431,0,0,0,0,0,2,2,180,0.2,2.2,50,50,1000000
703,50,50,150,50,150,50,500,0,0,1,0,1,0,2,60,0.3,5.7,0,0,1250000
704,45,50,35,55,75,40,300,0,0,0,0,1,0,1,45,0.3,2.8,50,50,1250000
705,68,75,53,83,113,60,452,0,0,0,0,2,0,2,45,0.8,17.5,50,50,1250000
706,90,100,70,110,150,80,600,0,0,0,0,3,0,3,45,2,150.5,50,50,1250000
707,57,80,91,80,87,75,470,0,0,1,0,0,0,1,75,0.2,3,50,50,800000
708,43,70,48,50,60,38,309,0,1,0,0,0,0,1,120,0.4,7,50,50,1000000
709,85,110,76,65,82,56,474,0,2,0,0,0,0,2,60,1.5,71,50,50,1000000
71,80,105,65,100,70,70,490,0,3,0,0,0,0,3,45,1.7,15.5,50,50,1059860
710,49,66,70,44,55,51,335,0,0,1,0,0,0,1,120,0.4,5,50,50,1000000
711,65,90,122,58,75,84,494,0,0,2,0,0,0,2,60,0.9,12.5,50,50,1000000
712,55,69,85,32,35,28,304,0,0,1,0,0,0,1,190,1,99.5,50,50,1000000
713,95,117,184,44,46,28,514,0,0,2,0,0,0,2,55,2,505,50,50,1000000
714,40,30,35,45,40,55,245,0,0,0,0,0,1,1,190,0.5,8,50,50,1000000
715,85,70,80,97,80,123,535,0,0,0,0,0,2,2,45,1.5,85,50,50,1000000
716,126,131,95,131,98,99,680,3,0,0,0,0,0,3,45,3,215,0,0,1250000
717,126,131,95,131,98,99,680,3,0,0,0,0,0,3,45,5.8,203,0,0,1250000
718,108,100,121,81,95,95,600,3,0,0,0,0,0,3,3,5,305,0,0,1250000
719,50,100,150,100,150,50,600,0,0,1,0,2,0,3,3,0.7,8.8,0,0,1250000
72,40,40,35,50,100,70,335,0,0,0,0,1,0,1,190,0.9,45.5,50,50,1250000
720,80,110,60,150,130,70,600,0,0,0,3,0,0,3,3,0.5,9,0,0,1250000
721,80,110,120,130,90,70,600,0,0,0,3,0,0,3,3,1.7,195,0,0,1250000
722,68,55,55,50,50,40,318,1,0,0,0,0,0,1,45,0.3,1.5,87.5,12.5,1059860
723,78,75,75,70,70,52,420,2,0,0,0,0,0,2,45,0.7,16,87.5,12.5,1059860
724,78,107,75,100,100,70,530,0,3,0,0,0,0,3,45,1.6,36.6,87.5,12.5,1059860
725,45,65,40,60,40,70,320,0,0,0,0,0,1,1,45,0.4,4.3,87.5,12.5,1059860
726,65,85,50,80,50,90,420,0,0,0,0,0,2,2,45,0.7,25,87.5,12.5,1059860
727,95,115,90,80,90,60,530,0,3,0,0,0,0,3,45,1.8,83,87.5,12.5,1059860
728,50,54,54,66,56,40,320,0,0,0,1,0,0,1,45,0.4,7.5,87.5,12.5,1059860
729,60,69,69,91,81,50,420,0,0,0,2,0,0,2,45,0.6,17.5,87.5,12.5,1059860
73,80,70,65,80,120,100,515,0,0,0,0,2,0,2,60,1.6,55,50,50,1250000
730,80,74,74,126,116,60,530,0,0,0,3,0,0,3,45,1.8,44,87.5,12.5,1059860
731,35,75,30,30,30,65,265,0,1,0,0,0,0,1,255,0.3,1.2,50,50,1000000
732,55,85,50,40,50,75,355,0,2,0,0,0,0,2,120,0.6,14.8,50,50,1000000
733,80,120,75,75,75,60,485,0,3,0,0,0,0,3,45,1.1,26,50,50,1000000
734,48,70,30,30,30,45,253,0,1,0,0,0,0,1,255,0.4,6,50,50,1000000
735,88,110,60,55,60,45,418,0,2,0,0,0,0,2,127,0.7,14.2,50,50,1000000
736,47,62,45,55,45,46,300,0,1,0,0,0,0,1,255,0.4,4.4,50,50,1000000
737,57,82,95,55,75,36,400,0,0,2,0,0,0,2,120,0.5,10.5,50,50,1000000
738,77,70,90,145,75,43,500,0,0,0,3,0,0,3,45,1.5,45,50,50,1000000
739,47,82,57,42,47,63,338,0,1,0,0,0,0,1,225,0.6,7,50,50,1000000
74,40,80,100,30,30,20,300,0,0,1,0,0,0,1,255,0.4,20,50,50,1059860
740,97,132,77,62,67,43,478,0,2,0,0,0,0,2,60,1.7,180,50,50,1000000
741,75,70,70,98,70,93,476,0,0,0,2,0,0,2,45,0.6,3.4,25,75,1000000
742,40,45,40,55,40,84,304,0,0,0,0,0,1,1,190,0.1,0.2,50,50,1000000
743,60,55,60,96,70,124,465,0,0,0,0,0,2,2,75,0.2,0.5,50,50,1000000
744,45,65,40,30,40,60,280,0,1,0,0,0,0,1,190,0.5,9.2,50,50,1000000
745,75,115,65,55,65,112,487,0,2,0,0,0,0,2,90,0.8,25,50,50,1000000
746,45,20,20,25,25,40,175,1,0,0,0,0,0,1,60,0.2,0.3,50,50,800000
747,50,53,62,43,52,45,305,0,0,1,0,0,0,1,190,0.4,8,50,50,1000000
748,50,63,152,53,142,35,495,0,0,2,0,0,0,2,75,0.7,14.5,50,50,1000000
749,70,100,70,45,55,45,385,0,1,0,0,0,0,1,190,1,110,50,50,1000000
75,55,95,115,45,45,35,390,0,0,2,0,0,0,2,120,1,105,50,50,1059860
750,100,125,100,55,85,35,500,0,2,0,0,0,0,2,60,2.5,920,50,50,1000000
751,38,40,52,40,72,27,269,0,0,0,0,1,0,1,200,0.3,4,50,50,1000000
752,68,70,92,50,132,42,454,0,0,0,0,2,0,2,100,1.8,82,50,50,1000000
753,40,55,35,50,35,35,250,0,1,0,0,0,0,1,190,0.3,1.5,50,50,1000000
754,70,105,90,80,90,45,480,0,2,0,0,0,0,2,75,0.9,18.5,50,50,1000000
755,40,35,55,65,75,15,285,0,0,0,0,1,0,1,190,0.2,1.5,50,50,1000000
756,60,45,80,90,100,30,405,0,0,0,0,2,0,2,75,1,11.5,50,50,1000000
757,48,44,40,71,40,77,320,0,0,0,0,0,1,1,120,0.6,4.8,87.5,12.5,1000000
758,68,64,60,111,60,117,480,0,0,0,0,0,2,2,45,1.2,22.2,0,100,1000000
759,70,75,50,45,50,50,340,0,1,0,0,0,0,1,140,0.5,6.8,50,50,1000000
76,80,120,130,55,65,45,495,0,0,3,0,0,0,3,45,1.4,300,50,50,1059860
760,120,125,80,55,60,60,500,0,2,0,0,0,0,2,70,2.1,135,50,50,1000000
761,42,30,38,30,38,32,210,1,0,0,0,0,0,1,235,0.3,3.2,0,100,1059860
762,52,40,48,40,48,62,290,0,0,0,0,0,2,2,120,0.7,8.2,0,100,1059860
763,72,120,98,50,98,72,510,0,3,0,0,0,0,3,45,1.2,21.4,0,100,1059860
764,51,52,90,82,110,100,485,0,0,0,0,2,0,2,60,0.1,0.3,25,75,800000
766,100,120,90,40,60,80,490,0,2,0,0,0,0,2,45,2,82.8,50,50,1250000
767,25,35,40,20,30,80,230,0,0,0,0,0,1,1,90,0.5,12,50,50,1000000
768,75,125,140,60,90,40,530,0,0,2,0,0,0,2,45,2,108,50,50,1000000
769,55,55,80,70,45,15,320,0,0,1,0,0,0,1,140,0.5,70,50,50,1000000
77,50,85,55,65,65,90,410,0,0,0,0,0,1,1,190,1,30,50,50,1000000
770,85,75,110,100,75,35,480,0,0,2,0,0,0,2,60,1.3,250,50,50,1000000
771,55,60,130,30,130,5,410,0,0,0,0,2,0,2,60,0.3,1.2,50,50,800000
772,95,95,95,95,95,59,534,2,0,0,0,0,0,2,3,1.9,120.5,0,0,1250000
773,95,95,95,95,95,95,570,3,0,0,0,0,0,3,3,2.3,100.5,0,0,1250000
774,60,60,100,60,100,60,440,0,0,1,0,1,0,2,30,0.3,40,0,0,1059860
775,65,115,65,75,95,65,480,0,2,0,0,0,0,2,45,0.4,19.9,50,50,1250000
776,60,78,135,91,85,36,485,0,0,2,0,0,0,2,70,2,212,50,50,1000000
777,65,98,63,40,73,96,435,0,2,0,0,0,0,2,180,0.3,3.3,50,50,1000000
778,55,90,80,50,105,96,476,0,0,0,0,2,0,2,45,0.2,0.7,50,50,1000000
779,68,105,70,70,70,92,475,0,2,0,0,0,0,2,80,0.9,19,50,50,1000000
78,65,100,70,80,80,105,500,0,0,0,0,0,2,2,60,1.7,95,50,50,1000000
780,78,60,85,135,91,36,485,0,0,0,2,0,0,2,70,3,185,50,50,1000000
781,70,131,100,86,90,40,517,0,2,0,0,0,0,2,25,3.9,210,0,0,1000000
782,45,55,65,45,45,45,300,0,0,1,0,0,0,1,45,0.6,29.7,50,50,1250000
783,55,75,90,65,70,65,420,0,0,2,0,0,0,2,45,1.2,47,50,50,1250000
784,75,110,125,100,105,85,600,0,0,3,0,0,0,3,45,1.6,78.2,50,50,1250000
785,70,115,85,95,75,130,570,0,0,0,0,0,3,3,3,1.8,20.5,0,0,1250000
786,70,85,75,130,115,95,570,0,0,0,3,0,0,3,3,1.2,18.6,0,0,1250000
787,70,130,115,85,95,75,570,0,3,0,0,0,0,3,3,1.9,45.5,0,0,1250000
788,70,75,115,95,130,85,570,0,0,0,0,3,0,3,3,1.3,21.2,0,0,1250000
789,43,29,31,29,31,37,200,1,0,0,0,0,0,1,45,0.2,0.1,0,0,1250000
79,90,65,65,40,40,15,315,1,0,0,0,0,0,1,190,1.2,36,50,50,1000000
790,43,29,131,29,131,37,400,0,0,1,0,1,0,2,45,0.1,999.9,0,0,1250000
791,137,137,107,113,89,97,680,0,3,0,0,0,0,3,45,3.4,230,0,0,1250000
792,137,113,89,137,107,97,680,0,0,0,3,0,0,3,45,4,120,0,0,1250000
793,109,53,47,127,131,103,570,0,0,0,0,3,0,3,45,1.2,55.5,0,0,1250000
794,107,139,139,53,53,79,570,0,1,2,0,0,0,3,45,2.4,333.6,0,0,1250000
795,71,137,37,137,37,151,570,0,0,0,0,0,3,3,45,1.8,25,0,0,1250000
796,83,89,71,173,71,83,570,0,0,0,3,0,0,3,45,3.8,100,0,0,1250000
797,97,101,103,107,101,61,570,0,1,1,1,0,0,3,45,9.2,999.9,0,0,1250000
798,59,181,131,59,31,109,570,0,3,0,0,0,0,3,45,0.3,0.1,0,0,1250000
799,223,101,53,97,53,43,570,3,0,0,0,0,0,3,45,5.5,888,0,0,1250000
80,95,75,110,100,80,30,490,0,0,2,0,0,0,2,75,1.6,78.5,50,50,1000000
800,97,107,101,127,89,79,600,0,1,0,0,2,0,3,255,2.4,230,0,0,1250000
801,80,95,115,130,115,65,600,0,0,0,3,0,0,3,3,1,80.5,0,0,1250000
802,90,125,80,90,90,125,600,0,2,0,0,0,1,3,3,0.7,22.2,0,0,1250000
803,67,73,67,73,67,73,420,0,0,0,0,0,1,1,45,0.6,1.8,0,0,1250000
804,73,73,73,127,73,121,540,0,0,0,3,0,0,3,45,3.6,150,0,0,1250000
805,61,131,211,53,101,13,570,0,0,3,0,0,0,3,30,5.5,820,0,0,1250000
806,53,127,53,151,79,107,570,0,0,0,3,0,0,3,30,1.8,13,0,0,1250000
807,88,112,75,102,80,143,600,0,0,0,0,0,3,3,3,1.5,44.5,0,0,1250000
808,46,65,65,55,35,34,300,0,1,0,0,0,0,1,3,0.2,8,0,0,1250000
809,135,143,143,80,65,34,600,0,3,0,0,0,0,3,3,2.5,800,0,0,1250000
82,50,60,95,120,70,70,465,0,0,0,2,0,0,2,60,1,60,0,0,1000000
83,52,90,55,58,62,60,377,0,1,0,0,0,0,1,45,0.8,15,50,50,1000000
84,35,85,45,35,35,75,310,0,1,0,0,0,0,1,190,1.4,39.2,50,50,1000000
85,60,110,70,60,60,110,470,0,2,0,0,0,0,2,45,1.8,85.2,50,50,1000000
86,65,45,55,45,70,45,325,0,0,0,0,1,0,1,190,1.1,90,50,50,1000000
87,90,70,80,70,95,70,475,0,0,0,0,2,0,2,75,1.7,120,50,50,1000000
88,80,80,50,40,50,25,325,1,0,0,0,0,0,1,190,0.9,30,50,50,1000000
89,105,105,75,65,100,50,500,1,1,0,0,0,0,2,75,1.2,30,50,50,1000000
90,30,65,100,45,25,40,305,0,0,1,0,0,0,1,190,0.3,4,50,50,1250000
91,50,95,180,85,45,70,525,0,0,2,0,0,0,2,60,1.5,132.5,50,50,1250000
92,30,35,30,100,35,80,310,0,0,0,1,0,0,1,190,1.3,0.1,50,50,1059860
93,45,50,45,115,55,95,405,0,0,0,2,0,0,2,90,1.6,0.1,50,50,1059860
94,60,65,60,130,75,110,500,0,0,0,3,0,0,3,45,1.5,40.5,50,50,1059860
95,35,45,160,30,45,70,385,0,0,1,0,0,0,1,45,8.8,210,50,50,1000000
96,60,48,45,43,90,42,328,0,0,0,0,1,0,1,190,1,32.4,50,50,1000000
97,85,73,70,73,115,67,483,0,0,0,0,2,0,2,75,1.6,75.6,50,50,1000000
98,30,105,90,25,25,50,325,0,1,0,0,0,0,1,225,0.4,6.5,50,50,1000000
99,55,130,115,50,50,75,475,0,2,0,0,0,0,2,60,1.3,60,50,50,1000000
103,95,105,85,125,75,45,530,0,0,0,2,0,0,2,45,10.9,415.6,50,50,1250000
65,55,50,65,175,105,150,600,0,0,0,3,0,0,3,50,1.2,48,75,25,1059860
74,40,80,100,30,30,20,300,0,0,1,0,0,0,1,255,0.4,20.3,50,50,1059860
75,55,95,115,45,45,35,390,0,0,2,0,0,0,2,120,1,110,50,50,1059860
76,80,120,130,55,65,45,495,0,0,3,0,0,0,3,45,1.7,316,50,50,1059860
77,50,85,55,65,65,90,410,0,0,0,0,0,1,1,190,0.8,24,50,50,1000000
78,65,100,70,80,80,105,500,0,0,0,0,0,2,2,60,1.7,80,50,50,1000000
79,90,65,65,40,40,15,315,1,0,0,0,0,0,1,190,1.2,36,50,50,1000000
80,95,75,180,130,80,30,590,0,0,2,0,0,0,2,75,2,120,50,50,1000000
80,95,100,95,100,70,30,490,0,2,0,0,0,0,2,75,1.6,70.5,50,50,1000000
83,52,95,55,58,62,55,377,0,1,0,0,0,0,1,45,0.8,42,50,50,1000000
681,60,140,50,140,50,60,500,0,2,0,1,0,0,3,45,1.7,53,50,50,1000000
94,60,65,80,170,95,130,600,0,0,0,3,0,0,3,45,1.4,40.5,50,50,1059860
88,80,80,50,40,50,25,325,1,0,0,0,0,0,1,190,0.7,42,50,50,1000000
89,105,105,75,65,100,50,500,1,1,0,0,0,0,2,75,1,52,50,50,1000000
105,60,80,110,50,80,45,425,0,0,2,0,0,0,2,75,1,34,50,50,1000000
110,65,90,120,85,70,60,490,0,0,2,0,0,0,2,60,3,16,50,50,1000000
866,80,85,75,110,100,70,520,0,0,0,3,0,0,3,45,1.5,58.2,50,50,1000000
122,50,65,65,90,90,100,460,0,0,0,0,2,0,2,45,1.4,56,50,50,1000000
870,60,100,100,70,60,75,465,0,2,0,0,1,0,3,45,3,62,0,0,1000000
115,105,125,100,60,100,100,590,2,0,0,0,0,0,2,45,2.2,100,0,100,1000000
127,65,155,120,65,90,105,600,0,2,0,0,0,0,2,45,1.7,59,50,50,1250000
130,95,155,109,70,130,81,640,0,2,0,0,0,0,2,45,6.5,305,50,50,1250000
142,80,135,85,70,95,150,615,0,0,0,0,0,2,2,45,2.1,79,87.5,12.5,1250000
208,75,125,230,55,95,30,610,0,0,2,0,0,0,2,25,10.5,740,50,50,1000000
212,70,150,140,65,100,75,600,0,2,0,0,0,0,2,25,2,125,50,50,1000000
144,90,85,85,125,100,95,580,0,0,0,3,0,0,3,3,1.7,50.9,0,0,1250000
145,90,125,90,85,90,100,580,0,3,0,0,0,0,3,3,1.6,58.2,0,0,1250000
146,90,85,90,100,125,90,580,0,0,0,0,3,0,3,3,2,66,0,0,1250000
199,95,65,80,110,110,30,490,0,0,0,0,2,0,2,70,1.8,79.5,50,50,1000000
222,60,55,100,65,100,30,410,0,0,1,0,1,0,2,60,0.6,0.5,25,75,800000
864,60,95,50,145,130,30,510,0,0,0,2,0,0,2,30,1,0.4,25,75,800000
386,50,180,20,180,20,150,600,0,2,0,1,0,0,3,3,1.7,60.8,0,0,1250000
386,50,70,160,70,160,90,600,0,0,2,0,1,0,3,3,1.7,60.8,0,0,1250000
386,50,95,90,95,90,180,600,0,0,0,0,0,3,3,3,1.7,60.8,0,0,1250000
181,90,95,105,165,110,45,610,0,0,0,3,0,0,3,45,1.4,61.5,50,50,1059860
214,80,185,115,40,105,75,600,0,2,0,0,0,0,2,45,1.7,62.5,50,50,1250000
229,75,90,90,140,90,115,600,0,0,0,2,0,0,2,45,1.9,49.5,50,50,1250000
248,100,164,150,95,120,71,700,0,3,0,0,0,0,3,45,2.5,255,50,50,1250000
865,62,135,95,68,82,65,507,0,2,0,0,0,0,2,45,0.8,117,50,50,1000000
381,80,130,100,160,120,110,700,0,0,0,3,0,0,3,3,2.3,70,100,0,1250000
380,80,100,120,140,150,110,700,0,0,0,0,3,0,3,3,1.8,52,0,100,1250000
487,150,120,100,120,100,90,680,3,0,0,0,0,0,3,3,6.9,650,0,0,1250000
745,85,115,75,55,75,82,487,0,2,0,0,0,0,2,90,1.1,25,50,50,1000000
745,75,117,65,55,65,110,487,0,2,0,0,0,0,2,90,0.8,25,50,50,1000000
800,97,157,127,113,109,77,680,0,3,0,0,0,0,3,255,3.8,460,0,0,1250000
800,97,113,109,157,127,77,680,0,0,0,3,0,0,3,255,4.2,350,0,0,1250000
800,97,167,97,167,97,129,754,0,1,0,1,0,1,3,255,7.5,230,0,0,1250000
492,100,103,75,120,75,127,600,0,0,0,0,0,3,3,45,0.4,5.2,0,0,1059860
479,50,65,107,105,107,86,520,0,0,0,1,0,1,2,45,0.3,0.3,0,0,1000000
479,50,65,107,105,107,86,520,0,0,0,1,0,1,2,45,0.3,0.3,0,0,1000000
479,50,65,107,105,107,86,520,0,0,0,1,0,1,2,45,0.3,0.3,0,0,1000000
479,50,65,107,105,107,86,520,0,0,0,1,0,1,2,45,0.3,0.3,0,0,1000000
874,100,125,135,20,20,70,470,0,0,2,0,0,0,2,60,2.5,520,50,50,1250000
479,50,65,107,105,107,86,520,0,0,0,1,0,1,2,45,0.3,0.3,0,0,1000000
550,70,92,65,80,55,98,460,0,0,0,0,0,2,2,25,1,18,50,50,1000000
641,79,100,80,110,90,121,580,0,0,0,0,0,3,3,3,1.5,63,100,0,1250000
642,79,105,70,145,80,101,580,0,0,0,3,0,0,3,3,3,61,100,0,1250000
645,89,145,90,105,80,91,600,0,3,0,0,0,0,3,3,1.3,68,100,0,1250000
880,90,100,90,80,70,75,505,0,2,0,0,0,0,2,45,1.8,190,0,0,1250000
882,90,90,100,70,80,75,505,0,0,2,0,0,0,2,45,2.3,215,0,0,1250000
881,90,100,90,90,80,55,505,0,2,0,0,0,0,2,45,2.3,150,0,0,1250000
646,125,120,90,170,100,95,700,0,0,0,3,0,0,3,3,3.6,325,0,0,1250000
883,90,90,100,80,90,55,505,0,0,2,0,0,0,2,45,2,175,0,0,1250000
646,125,170,100,120,90,95,700,0,3,0,0,0,0,3,3,3.3,325,0,0,1250000
884,70,95,115,120,50,85,535,0,0,0,2,0,0,2,45,1.8,40,50,50,1000000
871,48,101,95,91,85,15,435,0,2,0,0,0,0,2,75,0.3,1,50,50,1000000
877,58,95,58,70,58,97,436,0,0,0,0,0,2,2,180,0.3,3,50,50,1000000
658,72,145,67,153,71,132,640,0,0,0,0,0,3,3,45,1.5,40,87.5,12.5,1059860
254,70,110,75,145,85,145,630,0,0,0,0,0,3,3,45,1.9,55.2,87.5,12.5,1059860
257,80,160,80,130,80,100,630,0,3,0,0,0,0,3,45,1.9,52,87.5,12.5,1059860
260,100,150,110,95,110,70,635,0,3,0,0,0,0,3,45,1.9,102,87.5,12.5,1059860
384,105,180,100,180,100,115,780,0,2,0,1,0,0,3,45,10.8,392,0,0,1250000
382,100,150,90,180,160,90,770,0,0,0,3,0,0,3,3,9.8,430,0,0,1250000
383,100,180,160,150,90,90,770,0,3,0,0,0,0,3,3,5,999.7,0,0,1250000
306,70,140,230,60,80,50,630,0,0,3,0,0,0,3,45,2.2,395,50,50,1250000
282,68,85,65,165,135,100,618,0,0,0,3,0,0,3,45,1.6,48.4,50,50,1250000
475,68,165,95,65,115,110,618,0,3,0,0,0,0,3,45,1.6,56.4,100,0,1250000
310,70,75,80,135,80,135,575,0,0,0,0,0,2,2,45,1.8,44,50,50,1250000
445,108,170,115,120,95,92,700,0,3,0,0,0,0,3,45,1.9,95,50,50,1250000
810,50,65,50,40,40,65,310,0,0,0,0,1,0,1,45,0.3,5,87.5,12.5,1059860
811,70,85,70,55,60,80,420,0,0,0,0,2,0,2,45,0.7,14,87.5,12.5,1059860
812,100,125,90,60,70,85,530,0,3,0,0,0,0,3,45,2.1,90,87.5,12.5,1059860
813,50,71,40,40,40,69,310,0,0,0,0,0,1,1,45,0.3,4.5,87.5,12.5,1059860
814,65,86,50,55,60,94,410,0,0,0,0,0,2,2,45,0.6,9,87.5,12.5,1059860
815,80,116,75,65,75,119,530,0,0,0,0,0,3,3,45,1.4,33,87.5,12.5,1059860
816,50,40,40,70,40,70,310,0,0,0,0,1,1,2,45,0.3,4,87.5,12.5,1059860
817,65,60,55,95,55,90,420,0,0,0,2,0,0,2,45,0.7,11.5,87.5,12.5,1059860
818,70,85,65,125,65,120,530,0,0,0,0,0,3,3,45,1.9,45.2,87.5,12.5,1059860
888,92,130,115,80,115,138,670,0,0,0,0,0,3,3,10,2.8,110,0,0,1250000
888,92,170,115,80,115,148,720,0,0,0,0,0,3,3,10,2.8,355,0,0,1250000
889,92,130,115,80,115,138,670,0,0,0,0,0,3,3,10,2.9,210,0,0,1250000
889,92,130,145,80,145,128,720,0,0,0,0,0,3,3,10,2.9,785,0,0,1250000
890,140,85,95,145,95,130,690,3,0,0,0,0,0,3,255,20,950,0,0,1250000
890,255,115,250,125,250,130,1125,3,0,0,0,0,0,3,255,100,0,0,0,1250000
819,70,55,55,35,35,25,275,1,0,0,0,0,0,1,255,0.3,2.5,50,50,1000000
820,120,95,95,55,75,20,460,2,0,0,0,0,0,2,90,0.6,6,50,50,1000000
562,38,55,85,30,65,30,303,0,0,1,0,0,0,1,190,0.5,1.5,50,50,1000000
867,58,95,145,50,105,30,483,0,0,2,0,0,0,2,90,1.6,66.6,50,50,1000000
263,38,30,41,30,41,60,240,0,0,0,0,0,1,1,255,0.4,17.5,50,50,1000000
264,78,70,61,50,61,100,420,0,0,0,0,0,2,2,90,0.5,32.5,50,50,1000000
862,93,90,101,60,81,95,520,0,0,3,0,0,0,3,45,1.6,46,50,50,1000000
821,38,47,35,33,35,57,245,0,0,0,0,0,1,1,255,0.2,1.8,50,50,1059860
822,68,67,55,43,55,77,365,0,0,0,0,0,2,2,120,0.8,16,50,50,1059860
823,98,87,105,53,85,67,495,0,0,3,0,0,0,3,45,2.2,75,50,50,1059860
885,28,60,30,40,30,82,270,0,0,0,0,0,1,1,45,0.5,2,50,50,1250000
886,68,80,50,60,50,102,410,0,0,0,0,0,2,2,45,1.4,11,50,50,1250000
887,88,120,75,100,75,142,600,0,0,0,0,0,3,3,45,3,50,50,50,1250000
878,72,80,49,40,49,40,330,0,1,0,0,0,0,1,190,1.2,100,50,50,1000000
879,122,130,69,80,69,30,500,0,2,0,0,0,0,2,90,3,650,50,50,1000000
876,60,65,55,105,95,95,475,0,0,0,2,0,0,2,30,0.9,28,100,0,800000
876,70,55,65,95,105,85,475,0,0,0,0,2,0,2,30,0.9,28,0,100,800000
875,75,80,110,65,90,50,470,0,0,2,0,0,0,2,60,1.4,89,50,50,1250000
875,75,80,70,65,50,130,470,0,0,2,0,0,0,2,60,1.4,89,50,50,1250000
872,30,25,35,45,30,20,185,0,0,0,1,0,0,1,190,0.3,3.8,50,50,1000000
873,70,65,60,125,90,65,475,0,0,0,2,0,0,2,75,1.3,42,50,50,1000000
868,45,40,40,50,61,34,270,0,0,0,0,1,0,1,200,0.2,0.3,0,100,1000000
869,65,60,75,110,121,64,495,0,0,0,0,2,0,2,100,0.3,0.5,0,100,1000000
824,25,20,20,25,45,45,180,0,0,0,0,1,0,1,255,0.4,8,50,50,1000000
825,50,35,80,50,90,30,335,0,0,0,0,2,0,2,120,0.4,19.5,50,50,1000000
826,60,45,110,80,120,90,505,0,0,0,0,3,0,3,45,0.4,40.8,50,50,1000000
827,40,28,28,47,52,50,245,0,0,0,0,1,0,1,255,0.6,8.9,50,50,800000
828,70,58,58,87,92,90,455,0,0,0,0,2,0,2,127,1.2,19.9,50,50,800000
829,40,40,60,40,60,10,250,0,0,0,0,1,0,1,190,0.4,2.2,50,50,1000000
830,60,50,90,80,120,60,460,0,0,0,0,2,0,2,75,0.5,2.5,50,50,1000000
831,42,40,55,40,45,48,270,0,0,1,0,0,0,1,255,0.6,6,50,50,1000000
832,72,80,100,60,90,88,490,0,0,2,0,0,0,2,127,1.3,43,50,50,1000000
833,50,64,50,38,38,44,284,0,1,0,0,0,0,1,255,0.3,8.5,50,50,1000000
834,90,115,90,48,68,74,485,0,2,0,0,0,0,2,75,1,115.5,50,50,1000000
835,59,45,50,40,50,26,270,1,0,0,0,0,0,1,255,0.3,13.5,50,50,800000
836,69,90,60,90,60,121,490,0,0,0,0,0,2,2,45,1,34,50,50,800000
837,30,40,50,40,50,30,240,0,0,1,0,0,0,1,255,0.3,12,50,50,1059860
838,80,60,90,60,70,50,410,0,0,2,0,0,0,2,120,1.1,78,50,50,1059860
839,110,80,120,80,90,30,510,0,0,3,0,0,0,3,45,2.8,310.5,50,50,1059860
840,40,40,80,40,40,20,260,0,0,1,0,0,0,1,255,0.2,0.5,50,50,600000
841,70,110,80,95,60,70,485,0,2,0,0,0,0,2,45,0.3,1,50,50,600000
842,110,85,80,100,80,30,485,2,0,0,0,0,0,2,45,0.4,13,50,50,600000
843,52,57,75,35,50,46,315,0,0,1,0,0,0,1,255,2.2,7.6,50,50,1000000
844,72,107,125,65,70,71,510,0,0,2,0,0,0,2,120,3.8,65.5,50,50,1000000
845,70,85,55,85,95,85,475,0,0,0,0,2,0,2,45,0.8,18,50,50,1000000
846,41,63,40,40,30,66,280,0,0,0,0,0,1,1,255,0.5,1,50,50,1250000
847,61,123,60,60,50,136,490,0,0,0,0,0,2,2,60,1.3,30,50,50,1250000
850,50,65,45,50,50,45,305,0,1,0,0,0,0,1,190,0.7,1,50,50,1000000
851,100,115,65,90,90,65,525,0,2,0,0,0,0,2,75,3,120,50,50,1000000
852,50,68,60,50,50,32,310,0,1,0,0,0,0,1,180,0.6,4,50,50,1059860
853,80,118,90,70,80,42,480,0,2,0,0,0,0,2,45,1.6,39,50,50,1059860
854,40,45,45,74,54,50,308,0,0,0,1,0,0,1,120,0.1,0.2,0,0,1000000
855,60,65,65,134,114,70,508,0,0,0,2,0,0,2,60,0.2,0.4,0,0,1000000
856,42,30,45,56,53,39,265,0,0,0,1,0,0,1,235,0.4,3.4,0,100,1250000
857,57,40,65,86,73,49,370,0,0,0,2,0,0,2,120,0.6,4.8,0,100,1250000
858,57,90,95,136,103,29,510,0,0,0,3,0,0,3,45,2.1,5.1,0,100,1250000
859,45,45,30,55,40,50,265,0,0,0,1,0,0,1,255,0.4,5.5,100,0,1000000
860,65,60,45,75,55,70,370,0,0,0,2,0,0,2,120,0.8,12.5,100,0,1000000
861,95,120,65,95,75,60,510,0,3,0,0,0,0,3,45,1.5,61,100,0,1000000
12,60,45,50,90,80,70,395,0,0,0,2,1,0,3,45,17,0,50,50,1000000
6,78,84,78,109,85,100,534,0,0,0,3,0,0,3,45,28,0,87.5,12.5,1059860
25,35,55,40,50,50,90,320,0,0,0,0,0,2,2,190,21,0,50,50,1000000
52,40,45,35,40,40,90,290,0,0,0,0,0,1,1,255,33,0,50,50,1000000
9,79,83,100,85,105,78,530,0,0,0,0,3,0,3,45,25,0,87.5,12.5,1059860
3,80,82,83,100,100,80,525,0,0,0,2,1,0,3,45,24,0,87.5,12.5,1059860
818,70,85,65,125,65,120,530,0,0,0,0,0,3,3,45,40,0,87.5,12.5,1059860
815,80,116,75,65,75,119,530,0,0,0,0,0,3,3,45,27,0,87.5,12.5,1059860
812,100,125,90,60,70,85,530,0,3,0,0,0,0,3,45,28,0,87.5,12.5,1059860
884,70,95,115,120,50,85,535,0,0,0,2,0,0,2,45,43,0,50,50,1000000
879,122,130,69,80,69,30,500,0,2,0,0,0,0,2,90,23,0,50,50,1000000
869,65,60,75,110,121,64,495,0,0,0,0,2,0,2,100,30,0,0,100,1000000
861,95,120,65,95,75,60,510,0,3,0,0,0,0,3,45,32,0,100,0,1000000
858,57,90,95,136,103,29,510,0,0,0,3,0,0,3,45,26,0,0,100,1250000
851,100,115,65,90,90,65,525,0,2,0,0,0,0,2,75,75,0,50,50,1000000
849,75,98,70,114,70,75,502,0,0,0,2,0,0,2,45,24,0,50,50,1059860
849,75,98,70,114,70,75,502,0,0,0,2,0,0,2,45,24,0,50,50,1059860
844,72,107,125,65,70,71,510,0,0,2,0,0,0,2,120,22,0,50,50,1000000
842,110,85,80,100,80,30,485,2,0,0,0,0,0,2,45,24,0,50,50,600000
841,70,110,80,95,60,70,485,0,2,0,0,0,0,2,45,24,0,50,50,600000
839,110,80,120,80,90,30,510,0,0,3,0,0,0,3,45,42,0,50,50,1059860
834,90,115,90,48,68,74,485,0,2,0,0,0,0,2,75,24,0,50,50,1000000
826,60,45,110,80,120,90,505,0,0,0,0,3,0,3,45,14,0,50,50,1000000
823,98,87,105,53,85,67,495,0,0,3,0,0,0,3,45,14,0,50,50,1059860
143,160,110,65,65,110,30,540,2,0,0,0,0,0,2,25,35,0,87.5,12.5,1250000
133,55,55,50,45,65,55,325,0,0,0,0,1,0,1,45,18,0,87.5,12.5,1000000
131,130,85,80,85,95,60,535,2,0,0,0,0,0,2,45,24,0,50,50,1250000
99,55,130,115,50,50,75,475,0,2,0,0,0,0,2,60,19,0,50,50,1000000
94,60,65,60,130,75,110,500,0,0,0,3,0,0,3,45,20,0,50,50,1059860
68,90,130,80,65,85,55,505,0,3,0,0,0,0,3,45,25,0,75,25,1059860
569,80,95,82,60,82,75,474,0,2,0,0,0,0,2,60,21,0,50,50,1000000
809,135,143,143,80,65,34,600,0,3,0,0,0,0,3,3,25,0,0,0,1250000
618,109,81,99,66,84,32,471,2,0,0,0,0,0,2,75,0.7,20.5,50,50,1000000
555,105,30,105,140,105,55,540,0,0,0,2,0,0,2,60,1.3,92.9,50,50,1059860
555,105,140,55,30,55,95,480,0,2,0,0,0,0,2,60,1.7,120,50,50,1059860
555,105,160,55,30,55,135,540,0,0,0,2,0,0,2,60,1.7,120,50,50,1059860
554,70,90,45,15,45,50,315,0,1,0,0,0,0,1,120,0.7,40,50,50,1059860
302,50,85,125,85,115,20,480,0,1,1,0,0,0,2,45,0.5,161,50,50,1059860
303,50,105,125,55,95,50,480,0,1,1,0,0,0,2,45,1,23.5,50,50,800000
362,80,120,80,120,80,100,580,2,0,0,0,0,0,2,75,2.1,350.2,50,50,1000000
448,70,145,88,140,70,112,625,0,1,0,1,0,0,2,45,1.3,57.5,87.5,12.5,1059860
460,90,132,105,132,105,30,594,0,1,0,1,0,0,2,60,2.7,185,50,50,1250000
531,103,60,126,80,126,50,545,2,0,0,0,0,0,2,255,1.5,32,50,50,800000
774,60,100,60,100,60,120,500,0,1,0,1,0,0,2,30,0.3,0.3,0,0,1059860
351,70,70,70,70,70,70,420,1,0,0,0,0,0,1,45,0.3,0.8,50,50,1000000
351,70,70,70,70,70,70,420,1,0,0,0,0,0,1,45,0.3,0.8,50,50,1000000
351,70,70,70,70,70,70,420,1,0,0,0,0,0,1,45,0.3,0.8,50,50,1000000
413,60,79,105,59,85,36,424,0,0,2,0,0,0,2,45,0.5,6.5,0,100,1000000
413,60,69,95,69,95,36,424,0,0,1,0,1,0,2,45,0.5,6.5,0,100,1000000
648,100,128,90,77,77,128,600,0,1,1,0,0,1,3,3,0.6,6.5,0,0,1250000
710,44,66,70,44,55,56,335,0,0,1,0,0,0,1,120,0.3,3.5,50,50,1000000
710,54,66,70,44,55,46,335,0,0,1,0,0,0,1,120,0.5,7.5,50,50,1000000
710,59,66,70,44,55,41,335,0,0,1,0,0,0,1,120,0.8,15,50,50,1000000
711,55,85,122,58,75,99,494,0,0,2,0,0,0,2,60,0.7,9.5,50,50,1000000
711,75,95,122,58,75,69,494,0,0,2,0,0,0,2,60,1.1,14,50,50,1000000
711,85,100,122,58,75,54,494,0,0,2,0,0,0,2,60,1.7,39,50,50,1000000
718,54,100,71,61,85,115,486,3,0,0,0,0,0,3,3,1.2,33.5,0,0,1250000
718,216,100,121,91,95,85,708,3,0,0,0,0,0,3,3,4.5,610,0,0,1250000
720,80,160,60,170,130,80,680,0,0,0,3,0,0,3,3,6.5,490,0,0,1250000
678,74,48,76,83,81,104,466,0,0,0,0,0,2,2,75,0.6,8.5,0,100,1000000
746,45,140,130,140,135,30,620,1,0,0,0,0,0,1,60,8.2,78.6,50,50,800000
741,75,70,70,98,70,93,476,0,0,0,2,0,0,2,45,0.6,3.4,25,75,1000000
741,75,70,70,98,70,93,476,0,0,0,2,0,0,2,45,0.6,3.4,25,75,1000000
741,75,70,70,98,70,93,476,0,0,0,2,0,0,2,45,0.6,3.4,25,75,1000000
376,80,145,150,105,110,110,700,0,0,3,0,0,0,3,3,2.5,942.9,100,0,1250000
373,95,145,130,120,90,120,700,0,3,0,0,0,0,3,45,1.8,112.6,50,50,1250000
319,70,140,70,110,65,105,560,0,2,0,0,0,0,2,60,2.5,130.3,50,50,1250000
323,70,120,100,145,105,20,560,0,1,0,1,0,0,2,150,2.5,320.5,50,50,1000000
334,75,110,110,110,105,80,590,0,0,0,0,2,0,2,45,1.5,20.6,50,50,600000
308,60,100,85,80,85,100,510,0,0,0,0,0,2,2,90,1.3,31.5,50,50,1000000
359,65,150,60,115,60,115,565,0,2,0,0,0,0,2,30,1.2,49,50,50,1059860
354,64,165,75,93,83,75,555,0,2,0,0,0,0,2,45,1.2,13,50,50,800000
428,65,136,94,54,96,135,580,0,0,0,0,0,2,2,60,1.3,28.3,50,50,1000000
719,50,160,110,160,110,110,700,0,0,1,0,2,0,3,3,1.1,27.8,0,0,1250000
25,45,80,50,75,60,120,430,0,0,0,0,0,2,2,190,0.4,6,50,50,1000000
133,65,75,70,65,85,75,435,0,0,0,0,1,0,1,45,0.3,6.5,87.5,12.5,1000000
893,105,120,105,70,95,105,600,0,3,0,0,0,0,3,3,1.8,70,0,0,1250000
894,80,100,50,100,50,200,580,0,0,0,0,0,3,3,3,1.2,145,0,0,1250000
895,200,100,50,100,50,80,580,3,0,0,0,0,0,3,3,2.1,200,0,0,1250000
892,100,130,100,63,60,97,550,0,3,0,0,0,0,3,3,29,0,87.5,12.5,600000
892,100,130,100,63,60,97,550,0,3,0,0,0,0,3,3,29,0,87.5,12.5,600000
896,100,145,130,65,110,30,580,0,3,0,0,0,0,3,3,2.2,800,0,0,1250000
897,100,65,60,145,80,130,580,0,0,0,3,0,0,3,3,2,44.5,0,0,1250000
898,100,165,150,85,130,50,680,0,3,0,0,0,0,3,3,1.1,7.7,0,0,1250000
898,100,85,80,165,100,150,680,0,0,0,3,0,0,3,3,1.1,7.7,0,0,1250000
